term,frequency
bitcoin,351
btc,81
crypto,75
market,47
ive,42
one,39
like,35
project,35
ethereum,33
minutes,31
left,30
dont,28
price,27
tweets,27
wallet,27
extremely,26
cryptocurrency,24
get,22
full,22
boltcoiner,22
elonmusk,22
last,22
earn,22
mining,21
amp,21
need,21
team,21
free,20
buy,20
unknown,20
much,20
people,19
next,18
blockchain,18
seriously,18
trade,18
see,17
time,17
saylor,17
defi,16
bulls,16
useful,16
looks,16
im,16
lately,15
taking,15
tz4hol,15
usually,15
control,15
tips,15
goodfollow,15
entries,15
reanalyse,15
money,15
eth,15
nft,14
investment,14
ready,14
10,14
invest,14
best,14
trading,14
go,13
ethaxcrypto,13
good,13
bearish,13
lightning,13
new,13
cryptonews,13
aiko,13
rise,13
would,13
binance,13
date,12
usd,12
accurate,12
show,12
aikoshades,12
long,12
sats,12
shodainme_,12
aikonft,12
without,12
spot,12
unlock,11
lightningnetwork,11
2022,11
ln,11
zesty,11
dex,11
move,11
doge,11
faucet,11
deeply,11
expected,11
buyingfollowing,11
superb,11
hasty,11
mentor,11
think,11
helpful,11
effects,11
feeling,11
response,11
gmt,11
send,10
ethaxtoken,10
supply,10
interested,10
big,10
wants,10
referral,10
xrp,10
near,10
high,10
lucky,10
avalanche,9
bitcoinsymbol,9
20220415,9
134831,9
great,9
0blockchain,9
detail,9
twitter,9
support,9
huge,9
01btc,9
daily,9
4000,9
amazing,9
day,9
dogecoin,9
bold,9
dm,9
kindly,9
feesif,9
withdrawal,9
april,9
bitcoinwe,9
doesnt,9
dailyno,9
bnb,9
learn,8
current,8
use,8
cryptocurrecy,8
instagram,8
ftm,8
1week,8
making,8
world,8
matic,8
24hrs,8
another,8
rewarded,8
going,8
claim,8
indicatorsrsi,7
tweet,7
news,7
got,7
shades,7
back,7
step,7
3491bb,7
48144bollinger,7
lowerupper,7
ethrsi,7
3262ma50,7
2975ma200,7
still,7
already,7
pricecrypto,7
success,7
harmony,7
ethax,7
involved,7
early,7
bollinger,7
make,7
harmonyone,7
ada,7
absolutely,7
binancesmartchain,7
block,7
nftcommunity,7
nfts,7
platform,7
analysis,7
shop,7
67_bbt,7
40,7
future,7
also,7
life,7
never,6
understand,6
worth,6
number,6
15,6
link,6
everything,6
really,6
losses,6
bring,6
thanks,6
goal,6
finding,6
massively,6
monitor,6
falls,6
hits,6
risk,6
complete,6
launchavax,6
_bitcoiner,6
inbox,6
metamask,6
know,6
blue,6
airdrop,6
kiba,6
friday,6
join,6
hard,6
bitcoinmagazine,6
mine,6
million,6
tasks,6
keep,6
socialmedia,5
pinterest,5
ever,5
network,5
gift,5
nowbitcoin,5
gifts,5
facebook,5
real,5
giftideas,5
painswe,5
shopping,5
poor,5
affiliatemarketing,5
usdt,5
destined,5
strive,5
metaverse,5
hope,5
top,5
waits,5
break,5
luna,5
close,5
bitcoin_whales,5
achieve,5
every,5
case,5
said,5
43953ma50,5
well,5
sign,5
positivity,5
ways,5
42095ma200,5
successwell,5
via,5
help,5
sufferno,5
claiming,5
youtube,5
cryptotrading,5
cant,5
analysed,5
crash,5
funds,5
affected,5
faced,5
happy,5
apr,5
type,5
markets,5
energy,5
tipsadvices,5
pyr,5
ren,5
key,5
trb,5
thats,5
open,5
per,5
makes,5
man,5
bought,5
right,5
altcoin,5
bluesparrow,5
web3metaverse,5
cexbluebit,5
bridge,5
stock,5
tradeosiann,5
sparrow,5
fear,5
buying,5
reward,5
done,5
_bitcoiners,5
gemini,4
results,4
updates,4
way,4
developing,4
sol,4
bullish,4
profile,4
stop,4
least,4
using,4
app,4
start,4
exec,4
data,4
hitting,4
nftartist,4
coinbase,4
41k,4
credit,4
take,4
443ma20,4
token,4
everyone,4
used,4
drop,4
biggest,4
bitcoins,4
075_ffff,4
pay,4
gives,4
nftbluesparrowcex,4
called,4
though,4
elon,4
exchanges,4
pm,4
visit,4
advice,4
strong,4
bands,4
exchange,4
article,4
avax,4
profits,4
altcoins,4
lopp,4
launching,4
love,4
12,4
even,4
showing,4
michael,4
follow,4
lower,4
lets,4
bnbt_ix,4
must,4
60,4
many,4
year,4
card,4
community,4
want,4
14,4
web3,4
gets,4
ytd,3
since,3
29273598dm,3
found,3
innovations,3
alarms,3
true,3
launch4,3
cookies,3
bitcoinnews,3
chance,3
opportunity,3
holds,3
nftproject,3
lives,3
state,3
head,3
bsc,3
say,3
signal,3
christ,3
soon,3
ethaxcrypt,3
financial,3
indians,3
made,3
el,3
binancesmartchanin,3
either,3
something,3
fifteenminutes,3
launch8,3
tokens,3
rsi,3
vladtenev,3
times,3
week,3
moves,3
option,3
wearing,3
blocks,3
40000,3
less,3
excellent,3
interesting,3
nothing,3
nftart,3
cost,3
bitcoinbutton,3
index,3
greed,3
countries,3
alternative,3
stupid,3
benefits,3
president,3
mined,3
naks,3
businesstips,3
731991,3
3189,3
kibastrong,3
100,3
work,3
trust,3
deal,3
tumblr,3
gt,3
system,3
manager,3
programming,3
inflation,3
22,3
someone,3
happening,3
else,3
today,3
investing,3
security,3
launch3,3
imagine,3
solana,3
update,3
profit,3
potential,3
watcherguru,3
todays,3
working,3
user,3
home,3
deliver,3
launch7,3
freaking,3
openseanft,3
problem,3
important,3
first,3
youre,3
solar,3
easy,3
months,3
launch6,3
bottom,3
value,3
job,3
cringe,3
check,3
launch2,3
pi,3
launch5,3
isnt,3
movers,3
396ma20,3
satoshi,3
short,3
luck,3
business,3
game,3
sell,3
yeah,2
bottomtop,2
turd,2
dca,2
bad,2
period,2
especially,2
shared,2
awesome,2
hodl,2
environment,2
saitama350k,2
ath,2
spent,2
futures,2
wolfpack,2
saitamacommunity,2
saitamallc,2
finance,2
hearing,2
model,2
miner,2
dma,2
365,2
solution,2
airdropstario,2
29322,2
10614,2
billym2k,2
private,2
rovercrc,2
around,2
fintech,2
74339,2
cryptocurrencies,2
114275,2
giftbaskets,2
20,2
39936,2
delivered,2
salvador,2
btcsaitamatokensaitamainutoken,2
tell,2
fork,2
miners,2
filecoin,2
eth_classic,2
grayscale,2
hacked,2
always,2
write,2
cryptorank_io,2
37k,2
marked,2
calendar,2
surveyj,2
flokicyberpunk,2
goatapesnft,2
buy_your_nfts,2
cyber_zone_nft,2
wait,2
happens,2
peaceofdove,2
ramcnft,2
darkjaegers,2
image,2
cult,2
banks,2
offering,2
simple,2
fully,2
gm,2
saitamask,2
amount,2
mark,2
mint,2
saitamainu,2
saitamawolfpack,2
saitama,2
looking,2
livepeerorg,2
power,2
sugar,2
look,2
lose,2
sometimes,2
chainlink,2
coin,2
revolutionary,2
second,2
litecoin,2
decentraland,2
saitacrypto,2
survey,2
45816,2
hourly,2
anyone,2
lows,2
kibaswap,2
released,2
feet,2
btc_archive,2
please,2
bitcoinmining,2
worlds,2
playing,2
adds,2
understanding,2
underdogs_llc15,2
come,2
breaks,2
transaction,2
397ma20,2
3848949417ethereum,2
3009,2
lot,2
microstrategy,2
pays,2
cap,2
calculation,2
whole,2
considered,2
thought,2
point,2
saudi,2
respondents,2
uae,2
54,2
average,2
pain,2
ass,2
blockworks_,2
act,2
successful,2
musk,2
among,2
comparisons,2
investors,2
fast,2
reading,2
away,2
give,2
however,2
currency,2
decentralized,2
necessary,2
traders,2
43954ma50,2
398ma20,2
tron,2
goodfriday,2
technical,2
extreme,2
opensea,2
almost,2
collectibles,2
cryptoartist,2
zubymusic,2
pixelart,2
meme,2
kibarmy,2
altseason,2
pixelnft,2
nftbuyer,2
cryptocurrencyethereum,2
polygonnfts,2
honest,2
arabia,2
online,2
mmemberville_,2
tx,2
justinsuntron,2
primogardensinc,2
1994,2
remains,2
3000,2
page,2
nftcollectors,2
oversold,2
designed,2
didnt,2
transactions,2
build,2
narrative,2
underpinned,2
try,2
moved,2
dip,2
btcbitcoin,2
orders,2
cryptoantcrew,2
run,2
zec,2
bionft,2
cause,2
ai,2
receive,2
nftgiveaways,2
successfully,2
nftcollection,2
dominance,2
5880,2
alerts,2
liquor,2
bountycampaign,2
rallies,2
bsv,2
11,2
purchased,2
innovation,2
easily,2
bscgemsalert,2
bscgem,2
company,2
btctrek,2
dead,2
thing,2
themooncarl,2
nationafrica,2
name,2
days,2
natbrunell,2
de,2
session,2
russian,2
account,2
demand,2
offer,2
fiat,2
followers,2
truly,2
50,2
shitcoins,2
3008,2
order,2
phone,2
video,2
alone,2
regulate,2
europe,2
us,2
venture,2
capitalist,2
trusted,2
reserve,2
payout,2
politician,2
grow,2
store,2
ceo,2
amazon,2
forbes,2
possible,2
gem,2
pool,2
staking,2
extra,2
mmcrypto,2
generates,2
art,2
youll,2
stake,2
miss,2
scheme,2
pyramid,2
consider,2
grdecter,2
similarity,2
accept,2
kind,2
built,2
maxis,2
generally,2
nonfungible,2
stands,2
kyc,2
united,2
shib,2
boost,2
list,2
may,2
contrarianwith,2
adopter,2
outperform,2
share,2
main,2
idea,2
global,2
believe,2
3848649419ethereum,2
plus,2
ad,2
present,2
medium,2
linkedin,2
latest,2
arbitrum,2
algorand,2
cardano,2
nervosnetwork,2
based,2
blockchains,2
waiting,2
popular,2
behind,2
curious,2
improve,2
javascript,2
wine,2
currently,2
operations,2
thinking,2
economic,2
42094ma200,2
29263598dm,2
drinks,2
drizly,2
beer,2
bouncing,2
delivers,2
rests,1
bayc,1
stack,1
pim,1
29273597dm,1
phil,1
bowel,1
prisoninvestor1,1
coding,1
science,1
buffalo,1
sales,1
vosmaer,1
shibashi,1
pick,1
pee,1
nights,1
pizza,1
simpsons,1
sending,1
belief,1
vehicle,1
brag,1
photos,1
changed,1
match,1
assume,1
vanquishing,1
windy,1
musks,1
peterschiff,1
4712,1
perform,1
cryptocom,1
bluesadabitcoin,1
passover,1
bro,1
tribe,1
29283597dm,1
2994,1
445ma20,1
119677080,1
3011,1
40056,1
part,1
warm,1
solving,1
xlm,1
terraluna,1
swap,1
byzantine,1
yangyan84481296,1
rest,1
suh,1
poo,1
renewables,1
qongling,1
warcfart,1
selsyn,1
billionaire,1
nickname,1
avoid,1
intends,1
ybunich,1
causalexplorer,1
40032,1
sharmaravi101,1
susanancillotti,1
whtnextcrypto,1
creaturexmas,1
nctsaigonese,1
openstars,1
stated,1
pov,1
shareholders,1
wholemarsblog,1
crynfometrics,1
444ma20,1
2017,1
stuff,1
wreckedsideways,1
mind,1
stronger,1
beforethe,1
bound,1
wealth,1
40061,1
technology,1
backed,1
3849449415ethereum,1
plenty,1
agrees,1
bitcoin_body,1
michaelmachale,1
wl,1
single,1
prisons,1
argument,1
yet,1
competitive,1
nation,1
pamp,1
search,1
37fff558a553451ba07140858c7b3c68bitcoin,1
alert,1
unfolding,1
cryptomichnl,1
shock,1
theres,1
ranks,1
cursory,1
consensus,1
texas,1
btcx,1
bringing,1
reliant,1
related,1
incorrect,1
words,1
ct,1
apompliano,1
xrpl,1
2nd,1
nigeria,1
broke,1
bitcoinkaiser,1
youif,1
wasting,1
soy,1
signaled,1
calvinayre,1
cryptofights,1
cryptocraig9,1
notebooks,1
btckershi,1
blackbe1t,1
maximalism,1
integrity,1
compromised,1
approvalrealize,1
beat,1
siloes,1
national,1
inside,1
regulating,1
4152022,1
adoptions,1
sell301041000,1
pairsethusdt,1
civilization,1
calltoactivism,1
solidify,1
asif_h_abdullah,1
betting,1
wrong,1
word,1
blessing,1
outside,1
tempted,1
40089,1
computer,1
oil,1
rich,1
mins,1
population,1
starts,1
underneath,1
poverty,1
saturday,1
public,1
16042022,1
8pm,1
wat,1
youngsters,1
biological,1
mrsmarlaa,1
45334,1
brings,1
45k,1
45347,1
could,1
todayinvest,1
alexemidio7,1
contact,1
asapinvestment,1
croatia,1
btcusd,1
wnxmbtc,1
trustwallet,1
b3dd6c8fae0d4101be62faa535d2c8acbitcoin,1
25865b2dfa5641ccae51fc2691e3e039bitcoin,1
tradeoffs,1
took,1
btcgainpro,1
ppl,1
shocking,1
clotsrhianna,1
blood,1
murder,1
boards,1
ripped,1
cable,1
measuring,1
put,1
73313,1
change,1
coinhuntworld,1
vault,1
coingabbar,1
ukrainewar,1
selfiesforchan,1
p2e,1
amina,1
muaddi,1
reads,1
1000000,1
apex,1
basis,1
regardless,1
speculation,1
bitcoinbiblical,1
mobydick,1
3855,1
154048580,1
playbithotel,1
okcnetwork,1
sparkworld,1
tokenpocket,1
2022link,1
bitcoini,1
nftkingmaker,1
bleacherreport,1
tompelissero,1
transferred,1
36037,1
added,1
reserves,1
stablecointrack,1
42k,1
ust,1
10b,1
2521,1
100764744,1
plan,1
stablekwon,1
advances,1
upon,1
trying,1
sheet,1
balance,1
chain,1
capitalization,1
spark,1
sprk,1
idostatus,1
ongoingstart,1
stealer,1
mo,1
2022end,1
18,1
covers,1
xinguo73,1
212556,1
nine,1
odds,1
recessionhow,1
rates,1
raising,1
tackled,1
1961,1
instances,1
comparisonhowever,1
moment,1
valid,1
renoomokri,1
similarities,1
thread,1
posted,1
controlled,1
broadcasting,1
40205748316863658,1
neutral,1
btc_for_freedom,1
bitcoiners,1
meet,1
stayhumble,1
2022stacksats,1
speech,1
thiel,1
peter,1
combating,1
50k,1
mommy,1
su,1
march,1
masonversluis,1
tight,1
prices,1
tired,1
daddy,1
sense,1
strike,1
channels,1
client,1
centralization,1
corruption,1
propensity,1
natural,1
cwt_news,1
anymore,1
scary,1
better,1
node,1
cryptorecruitr,1
planing,1
bitcoin_love,1
bullmarketplan,1
turtle_traders,1
petersottoj,1
charrtip,1
cryptokaleo,1
watch,1
positive,1
subsidy625bitcoin,1
running,1
care,1
normal,1
muneeb,1
btcrules,1
michaelpasture,1
night,1
binary,1
partyone,1
walks,1
superman,1
correlates,1
sampp,1
therealplanc,1
mwhalekiller,1
nftgiveaway,1
techforgood,1
vr,1
209999999769bitcoin,1
38574m,1
9623077,1
135055,1
15th,1
nftshillmachine,1
circulation905345bitcoin,1
remaining19877561844243407percentage,1
1901224379247566total,1
quote,1
till,1
audittotal,1
5xpolkadot,1
usdtleverage,1
5396,1
179850filled,1
position,1
10293,1
recipients,1
1901245000,1
9053548,1
10088,1
119402440,1
2988,1
onchain,1
multiple,1
mayer,1
connection,1
confirmation,1
needs,1
32ed527c410442b0bf245b43ea98896bbitcoin,1
altcoindailyio,1
bitcoinfool,1
tictoknextblock,1
remaining,1
198755000,1
5fdd38239cd5467a922004419d294465bitcoin,1
nodes,1
regarding,1
mana,1
345,1
increases,1
achieves,1
professionals,1
achieving,1
3849349415ethereum,1
40078,1
sand,1
compensation,1
apecoin,1
ralli,1
reactjs,1
marketing,1
womenintech,1
python,1
100daysofcode,1
13835635,1
transfered,1
address,1
beforebitcoin,1
become,1
small,1
maxists,1
movement,1
upward,1
probably,1
pump,1
woonomic,1
100trillionusd,1
awertheim,1
214803900,1
5375,1
btctn,1
analytical,1
mrs,1
chrisswancer,1
titobarry5,1
moonman08015158,1
committing,1
ppathole,1
serious,1
2019,1
bothering,1
sort,1
instead,1
suicide,1
8685m,1
beach,1
nftupdate,1
stakeholders,1
beneficial,1
create,1
robot,1
vision,1
nowmaguireout,1
independently,1
space,1
80m,1
metamasksnaps,1
beginnerwod,1
accepts,1
andes,1
martin,1
san,1
city,1
argentine,1
photo,1
archive,1
86649130,1
2168,1
capabilities,1
safely,1
allows,1
snaps,1
zonte,1
country,1
pure,1
assets,1
alicenft,1
aliceincrypto,1
pumpbtc,1
pressure,1
selling,1
bull,1
signs,1
inclined,1
cryptofriendly,1
increasing,1
steadily,1
weekend,1
brace,1
imminent,1
wannabecoffee,1
basically,1
web3this,1
provide,1
manger,1
uctrjp5fjvs6zrp,1
vendor,1
peanut,1
waiter,1
cabbie,1
_ormeang,1
andrewmadonna13,1
andrealston18,1
azaur84,1
timjohnsonson,1
amdiizzy,1
awangdean,1
cassa_tw,1
bitcoin_renaiw,1
tomiss,1
angelakjones,1
sleepin04927004,1
imo,1
d98576735,1
slept,1
8nrc5nlpgjn4a6i,1
treywaypoppin,1
pgumas27,1
_1400kd,1
399293280,1
9992,1
bv,1
mr,1
winner,1
nayibbukele,1
achievements,1
manipulated,1
solve,1
zcash,1
peoples,1
monero,1
asapcrusher,1
tkdance12,1
pet26201797,1
yes,1
midorima333,1
trinhduclinh87,1
_call_me_cap,1
cryftbrews,1
neiljacobs,1
access,1
return,1
waitlist,1
noahs,1
allinone,1
noah,1
thesteelman86,1
taps,1
unit,1
indeedbitcoin,1
obvious,1
privatexmr,1
5000,1
polygon,1
mmemberville,1
nft_drop_here_,1
71k,1
past,1
wtfwhy,1
brah,1
metaversenft,1
polygonnft,1
xmr,1
metaversenftcommunity,1
cex,1
p2p,1
wondering,1
56,1
35000,1
2026,1
vegans,1
cbd,1
1471440,1
bytes,1
centralized,1
weekly,1
vitalikbuterin,1
rekodi_i,1
194639490,1
4870,1
perfectly,1
rebirth,1
primitive,1
nature,1
animalistic,1
represents,1
631350749btc253068,1
assuredbitcoin,1
anyway,1
100x,1
4004869,1
ampamp,1
bitcoin_ale,1
moskva,1
stickytoffita,1
2003973c9d4f4512b3cacf7e980a8be5bitcoin,1
closedownload,1
comes,1
closed,1
z4anko,1
martin__prucha,1
means,1
zppwjjzism69cs0,1
tompenale,1
crytogate,1
puchfalcon,1
brandonwmason,1
jhnpljsmn,1
wingedpiggy1,1
bracelets,1
reached,1
80th,1
milestone,1
spike,1
robinhoodlistshib,1
binanceblockchainweek,1
aphelion,1
together,1
consistently,1
bitcoinfew,1
marketupdates,1
additional,1
123,1
nftdrops,1
40069cryptos,1
5m,1
bitcoinfor,1
80,1
mrtcnuz,1
cryptofam,1
btcusdt,1
wake,1
slow,1
uses,1
scalable,1
memecoin,1
stable,1
925,1
progressivecoin,1
onlyup,1
america,1
specially,1
simply,1
aaronvanw,1
peterktodd,1
validate,1
cryptographic,1
thinks,1
successfuldefi,1
upbtc,1
bitcoinare,1
442ma20,1
3004,1
40029,1
zoomed,1
breaking,1
plans,1
bitcoinor,1
50shadesofgreen,1
southkorea,1
2a71d12c8bd74a72a7529ae9627e2874bitcoin,1
polkadot,1
altcoinseason,1
quite,1
south,1
boring,1
massive,1
99,1
resistances,1
understood,1
waste,1
imitatorsscams,1
statement,1
shanethazel,1
str8edgeracer,1
trendline,1
resistance,1
says,1
rin,1
bear,1
timeframe,1
1d,1
triangle,1
ascending,1
sector,1
principles,1
bret_sears,1
significantly,1
recommend,1
cnft,1
nftdrop,1
nftrelease,1
nftnews,1
cryptotrends,1
authoritarian,1
murderous,1
problems,1
solves,1
sooooo,1
time2coach,1
save,1
revolution,1
blockchainthe,1
increase,1
45545,1
retail,1
1863,1
000002682,1
partnership,1
announced,1
recently,1
strongest,1
000002818,1
cel,1
1005000,1
000002992,1
20600,1
swapsplus,1
withdrawals,1
steps,1
celsiusget,1
income,1
passive,1
ncaa,1
whale_alert,1
preparing,1
whate,1
powreth,1
2473250,1
xm,1
price020190,1
xlmusdt,1
scale,1
renewable,1
poc,1
safecryptocurrencies,1
batterypowered,1
stellarlumens,1
teamed,1
blockstream,1
capital,1
nr,1
10000,1
10gb,1
partnering,1
announces,1
reuters,1
nytimes,1
wsj,1
covid,1
program,1
variant,1
companys,1
programs,1
sauce,1
trial,1
clinical,1
beefing,1
nmxs,1
collective_sats,1
rewardable,1
bitcoinrefuses,1
ihub_stockposts,1
marketwatch,1
cnn,1
bet,1
customers,1
meathead,1
servicesbc,1
marketplace,1
schemepurely,1
ponzi,1
scama,1
available,1
bankers,1
saidheard,1
yrsive,1
not4,1
whether,1
becoming,1
usatoday,1
offered,1
17b,1
vc,1
attack,1
spite,1
threat,1
thetunamoney,1
cryptotreive,1
nobitcoin,1
oh,1
zebedeeio,1
zbd_play,1
bitcointhank,1
mines,1
actually,1
rens,1
renstoken,1
moonanikkum77196823mohamma65602355saprfdokrbns89qanindya63673809tinakhairunisacryptocurrency,1
sucsessfull,1
conquer,1
whats,1
againfor,1
reality,1
1st,1
theory,1
suggests,1
pillosophers,1
nftgives,1
concludes,1
imveryoffended,1
reason,1
meaning,1
term,1
ikigai,1
advantage,1
ressources,1
claims,1
supporting,1
nflare_dao,1
severity,1
tradingsignals,1
tag,1
breakfast,1
random,1
wallstreetsilv,1
3104f20f5bd744ba9dc4dd8d48ca42febitcoin,1
chinese,1
tradedog1,1
tdxlaunchpad,1
botches,1
thestarkenya,1
tde_fi,1
145549,1
satoshinakamoto15042022,1
bitcoinprice,1
trendingateeq,1
usd3262,1
morning,1
bitcoinwalletfriday,1
2496,1
works,1
secret,1
vladtenevs,1
adding,1
3831520,1
shorted,1
bearwhale,1
3f489fea84264afaa3b58c9a370ce2d7bitcoin,1
billionaires,1
bitcoinnatural,1
readanalysis,1
contextual,1
04142022,1
notes,1
yachts,1
0956am,1
40051,1
30658,1
1542022135659,1
phaltron,1
currencies,1
partnershiped,1
regulated,1
considering,1
yall,1
central,1
register,1
bank,1
mobile,1
neither,1
canpoli,1
abpp,1
version,1
thenftfocal,1
btcs,1
topcrypto_news,1
rather,1
40059,1
raucous,1
15142a708af44c00bf626b26b2639c35bitcoin,1
sabhan_ahamed,1
ranauma32260365,1
cuneytmc,1
bitcoin_ita,1
mesut__o,1
crysthc,1
orestesalvina,1
parker29933703,1
chakowski,1
markysmarkys,1
3848749418ethereum,1
calendars,1
poilievre,1
savings,1
cnftcommunnity,1
turismo,1
in2022,1
strongly,1
shorter,1
33,1
murchandamus,1
thebluematt,1
custody,1
self,1
beginner,1
sitting,1
8149change,1
quantify,1
suggest,1
putting,1
retweeting,1
attention,1
agree,1
oppression,1
approach,1
waited,1
confirmations,1
opening,1
canbut,1
ccurrency,1
surveillance,1
waken,1
tender,1
thoughts,1
initial,1
absence,1
coins,1
satoshis,1
anonymous,1
twice,1
transferring,1
purchase,1
channel,1
bitcoincryptocurrenciesbitcoin,1
australians,1
coinforecastorg,1
currencieseverything,1
installing,1
men,1
two,1
apartment,1
sketch,1
concerning,1
across,1
stans,1
stories,1
ikram3421,1
names,1
bitcoin_visions,1
pricebotcrypto,1
275follow,1
10132change,1
measured,1
priced,1
productethaxcrypto,1
buyer,1
board,1
302448,1
usdtethereum,1
40221,1
workdefi,1
roadmap,1
jeremy,1
cogan,1
three,1
years,1
ago,1
40049,1
calling,1
process,1
seller,1
moonlitmonkey69,1
prestonpysh,1
source,1
mean,1
cryptowhale,1
bros,1
tomorrow,1
moon,1
permit,1
air,1
moratorium,1
seek,1
advocates,1
plebs,1
brought,1
counting,1
75,1
nftcryptosmart,1
pretty,1
complexi,1
oldest,1
3706825,1
complex,1
100000,1
announcements,1
cashapp,1
bonus,1
signup,1
instant,1
media,1
social,1
posting,1
surveys,1
paid,1
83574,1
3005,1
narrowminded,1
wonder,1
13h58,1
pooklesnft,1
cancel,1
yup,1
projects,1
youve,1
impressions,1
clean,1
blasts,1
targets,1
477k,1
obsessed,1
whenever,1
applying,1
imagery,1
christian,1
coopting,1
significant,1
sympathetic,1
1414700,1
repeats,1
terra,1
couple,1
theories,1
primotoken,1
academic,1
yishan,1
admire,1
tiplooking,1
nifflernftcat,1
promote,1
45415,1
perpusdt,1
1574246,1
price301041000,1
ripple,1
capitulation,1
skills,1
441ada,1
126solana,1
bullishthe,1
bmwaddictd,1
skesyhaa,1
realqaisar,1
mustyerol,1
21,1
trader_rose00,1
trader,1
samfamouss,1
mhersonhord,1
302514change,1
win,1
st,1
arab,1
button,1
paymentsan,1
wish,1
bitcoinbitcoinnews,1
sadiq556677,1
seggo_,1
budi_sujiwo,1
pointsaction,1
stupidthe,1
contributor,1
regulation,1
retarted,1
professionally,1
respond,1
sorry,1
cryptoman,1
randall_sell,1
sapoliceservice,1
samratkroy,1
burkaxon,1
shark_bitcoin,1
coin38461525,1
ayikoutouo,1
medsos,1
mediapartner,1
aplikasinftdrop,1
comment,1
1500,1
pleasure,1
august,1
000,1
63,1
cryptape,1
seeing,1
meeting,1
miami,1
secure,1
thecryptotulip,1
provides,1
taxreduce,1
30,1
stopped,1
personlike,1
twitterbitcoin,1
nftinvestorthis,1
tf,1
recover,1
study,1
childrendonation,1
1nvnegryrdnycgeqdv8kqfwuhnpadscu3qplease,1
adress,1
realy,1
utilization,1
rocking,1
independence,1
tether,1
often,1
cryptosr_us,1
cyhnft2,1
af,1
moving,1
speaks,1
canadian,1
old,1
slide,1
prettyfeet,1
preferably,1
spoiled,1
quils,1
126,1
adjusted,1
networks,1
third,1
received,1
2025,1
mangent,1
area,1
38000,1
brioche,1
previous,1
continued,1
pivotal,1
son,1
bounced,1
148eth,1
4019182change,1
samouraidev,1
cryptocurrencycryptocurrencies,1
btcdragonlord,1
remain,1
analysts,1
rwandabankers,1
standardkenya,1
9525,1
cryptocurrencynews,1
nopara73,1
thursdaycryptocurrecy,1
29,1
40100,1
motherfucker,1
alarm,1
maxi,1
37cryptomarkets,1
services,1
roundtable,1
suggested,1
website,1
indicator,1
sentiment,1
attendee,1
worship,1
seem,1
airdropdetective,1
ricewallet,1
teamahssan0011fatama0077rajvai22airdrops,1
spoken,1
airdropdet,1
professional,1
weeks,1
influencer,1
action,1
style,1
psychological,1
crucial,1
b789509a7274459b859a462eca82e9f1bitcoin,1
cojpublicsafety,1
mphophalatse1,1
citypowerjhb,1
cityofjoburgza,1
suits,1
monk,1
owner,1
stxfirst,1
2375,1
monkey,1
rank,1
chip,1
403106850,1
