id,handle,created_at,text
1515653696008425474,SelaPASS,2022-04-17 11:29:35+00:00,@allyATL @AuntyAndy1 @SafemoonJoe @MrLucky_LFG @BUSDBuffet @Y5Token1 Thankâ€™s for my xrp bonus. Brad love https://t.co/JCF6SNIHGJ
1515653677750628354,_CryptoArsenal,2022-04-17 11:29:30+00:00,"@xrp_go589 @john44591687 @PeterVas6 Read it again. Going mainstream with misinformation! Is that what you want? 

Mainstream media saying things like â€˜highly centralisedâ€™ is detrimental to what the XRPL and XRP is."
1515653643831320583,XRP_1337,2022-04-17 11:29:22+00:00,@real_moneylisa #XRP will dethrone #BTC https://t.co/pAfSYdROGa
1515653642816270338,MarilynLavala,2022-04-17 11:29:22+00:00,@kcinor @Quin4Trump @LuisRC44 @2020_Vision_ @jonny5bear @kennysm91297483 @sig_new @robcarlson20 @traveler002 @Larryputt @Conservgurl28 @Una_Alta_Volta @PatriotsVsLies @cutiemcbeal01 @FLMrs4TRUMP @Bob30716413 @nightwarrior603 @Americanism37 @VRadke @LaughTrackItsT1 @MysticArrow8 @1838FreemanRob @JoanneLuvsGod @CanYouHearMeN15 @PMaryTimo1 @acs_xrp @ernestleenot @Rosa57320797 @HarryMi47749146 @Lauria1960 @Tom_Neverwinter @KesselMatty @AdorablePups5 @nYywydD8C1pg6oc @ICanPlainlySee @jesster00420 @ChiarelloRob @ryan07_jack @Potomacbeat @DamonCross11 @Atticus58113746 @NoMoreBlue1 @gmanpass @JimEaglePatriot @satansradio666 @jddoug @Moxystar2 @MyQueenRedVenus @WhalenMona @FaleroJr Yepper BroğŸ’–ğŸ’ğŸ•ŠğŸ¤ https://t.co/uyNlV3v7ID
1515653552739287042,CryptoTeleportr,2022-04-17 11:29:01+00:00,No cap guys order book is saying $6-8 is possible on $ERN!!! Check previous tweets for analysis and graphs! $ORCA #buythedip $btc $eth $xrp $doge $icp $ect $snx $sol $mln $nkn $storj $fil $mana $enj $ogn $bal $nmr $fet $ach $amp $ankr $zrx $lrc $skl $celo $shib $spell $bounce
1515653550180864001,N3wsCrypto,2022-04-17 11:29:00+00:00,"Race To $1 Trillion: Crypto Price Data Reveals When Bitcoin, Ethereum, BNB, XRP, Cardano And Others Could Hit The Milestone
https://t.co/5ADBxhvSmV"
1515653521257152515,Bull_of_Wall_St,2022-04-17 11:28:53+00:00,777 a positive sign. Go #XRP https://t.co/11YqWXbefL
1515653491380867077,HashPantsNFT,2022-04-17 11:28:46+00:00,@XRP_OWL Happy Easter you absolute legend!!!!!
1515653431670804482,XRP_1337,2022-04-17 11:28:32+00:00,@XRP_OWL The Sun will Rise. #XRP https://t.co/ueemWZz0CI
1515653427740745734,MAD4safari,2022-04-17 11:28:31+00:00,@XRP_OWL Happy Easter from ğŸ‡¿ğŸ‡²!
1515653410112131076,xrp_prime,2022-04-17 11:28:27+00:00,@LisaNEdwards If you look at the BTC.Dom it doesn't seem to correlate though so no reason to compare
1515653370798825475,KryptoGolfer3,2022-04-17 11:28:17+00:00,"$XRP Daily continues to fall â¤µï¸ $0.7806
-------------------------------
Enters ğŸ‚ CZ â¤´ï¸ $0.8643
Crosses midline â¤´ï¸ $0.7787
Enters ğŸ» CZ â¤µï¸ $0.6919 (Nice â˜¯ï¸) https://t.co/Re2jmHq4nu"
1515653359599951875,Trade4Capital,2022-04-17 11:28:15+00:00,"Crypto traders Indicator 12H $XRP Buy Signal Profit Increased to 105.16%
https://t.co/xDZyDbYT1Z
DM Us for Access to crypto traders $SAND

$SOL $SRM $RAY $RUNE $XRP $XLM $ONE $ZEC $MATIC $NEAR https://t.co/4BlfEbd27T"
1515653355900751872,KawikaTheKid,2022-04-17 11:28:14+00:00,"Happy Easter you #XRP hodling #Hexicans. 

Feeling @bwpc about the crypto FUD right now ğŸ» The ğŸ“ˆ will bounce and take off like a ğŸ‡ 

Just #VRA and see what happens ğŸš€ 

#Hex #PulseX #PLSX #HDRN https://t.co/MdEtDECAUW"
1515653344479559683,OFW_Investor,2022-04-17 11:28:11+00:00,@XRP_Corgi The orange one.
1515653229694300160,AREX_XRP,2022-04-17 11:27:44+00:00,"@lv1hunter â€œ!slayâ€

@TT20628127
@bym02130  
@Mhaya1022 
@pay_day25 
@DenYou29 
@VilmaMagdaraog @BarteCheann 
@MK4ng
@Rajaa_Ginting
@JRPDR08 
@kalembang01
@DominiqueDesdu1"
1515653156541108225,CryptoPussy3,2022-04-17 11:27:26+00:00,"@DigitalBlue100 @JMOTM11 @Stayhumble786 Itâ€™s true, I think David Moss mentioned it in an ama last fall, wen $xrp had probs.

Itâ€™s totally possible nothing came of it. Itâ€™s possible thatâ€™s one of the protocols they are planning to make notes for. Itâ€™s possible that nothing is decided and itâ€™s an open case.

No idea."
1515653072487428099,brave0nft,2022-04-17 11:27:06+00:00,"XRP Price Reaching $1 Seems Unlikely, Until It Holds This Level
https://t.co/W0dFkBFKLG
#tezos #nft"
1515653040820600835,ColinPa91890444,2022-04-17 11:26:59+00:00,XRP_Famous Ranking3 m.AilPlease vote who you like.Very happy this time. https://t.co/L4CG1GMQLc
1515652995958124553,XRP_1337,2022-04-17 11:26:48+00:00,@Kevin_Cage_ I see #XRP being in the #1 spot within 2 years easily. https://t.co/4tWRvUrJKn
1515652964270096394,CryptoNoviceKim,2022-04-17 11:26:40+00:00,@XRP_OWL Happy Easter ğŸ£
1515652889246584833,Tom11_XRP,2022-04-17 11:26:22+00:00,@myfriend ğŸ˜‚ğŸ¤£ğŸ˜‚ğŸ¤£ dude ğŸ™ˆ
1515652885643776000,__AlexCobb__,2022-04-17 11:26:22+00:00,@XRP_Ponomo Send me a direct message
1515652781515935746,MatthewLINY,2022-04-17 11:25:57+00:00,@XRP_OWL Happy Easter ğŸ™
1515652737505153030,TradingDuck_Xx,2022-04-17 11:25:46+00:00,"@cryptojack I think out of these $ETH will have the biggest %gain this year 
Followed by $SOL and $XRP closely and $INR that is not on this list for some reason!"
1515652735105912833,SlothTradingBot,2022-04-17 11:25:46+00:00,"ğŸ””Price updates for different #crypto assets that get price predictions on ğŸ¦¥SlothTrading:

#ETH: $3,039.68
#DOT: $18.58
#SOL: $102.00
#LUNA: $81.27
#XRP: $0.7764
#AVAX: $77.58

ğŸ’¥New predictions every hour"
1515652708644102148,nebforge,2022-04-17 11:25:39+00:00,"Race To $1 Trillion: Crypto Price Data Reveals When Bitcoin, Ethereum, BNB, XRP, Cardano And Others Could Hit The Milest https://t.co/SequKYHYvp 
#CryptoNews #Bitcoin #Ethereum #BNB #XRP #Cardano https://t.co/ZiedyQQelO"
1515652619318050818,CoinforecastOrg,2022-04-17 11:25:18+00:00,"ğŸ¤‘ Exchange Info ğŸ¤‘ Price differences on #Binance &amp; #Bybit | #BTC: $2.60, #ETH: $0.04000, #BNB: -$0.7999, #QTUM: -$0.006400, #XRP: $0.0006000, #ADA: -$0.001000, #BTT: $0.002775, #DOGE: -$0.00007000 | ğŸ‘ï¸  More: https://t.co/dTzxAkrosr https://t.co/41E4SkgENM"
1515652604587655168,DeFi_Trapper,2022-04-17 11:25:15+00:00,@TawfikAlfred @BONTESA_ @CryptoBull2020 XRP so popular they have bots posting memes on Twitter ğŸ˜‚ğŸ¤£
1515652553467482112,MemeGirls6,2022-04-17 11:25:02+00:00,"One of the best coins under $100

#BTC #FALCONS #FALCONSWAPS #ETH  #Tron #bSC #kucoin #BitMart #XRP https://t.co/7Vtw8gnkCK"
1515652509741821962,MemeGirls6,2022-04-17 11:24:52+00:00,"Visa: $2.5 billion worth of crypto payments were made via their crypto-backed cards in Q4 2021

#BTC #FALCONS #FALCONSWAPS #ETH 
 #Tron #bSC #kucoin #BitMart #XRP https://t.co/ONbx6E5wV2"
1515652476187385856,johnaldinioh89,2022-04-17 11:24:44+00:00,@TheCryptoLark Wow just over a 100% gain from current prices . You could get that in the stock market . Just buy $xrp and wait for it to hit $15 . Let's make some real money
1515652425939660804,Tom11_XRP,2022-04-17 11:24:32+00:00,@Yoszko @myfriend @Solo_NFTS @realSologenic This is gonna be sick !!!!!!!ğŸ™ŒğŸ»ğŸ™ŒğŸ»ğŸ™ŒğŸ»ğŸ™ŒğŸ»ğŸ™ŒğŸ»
1515652422609170440,Con79964587,2022-04-17 11:24:31+00:00,@XRP_OWL Happy Easter King
1515652366116298752,neptune_xrp,2022-04-17 11:24:18+00:00,@Leerzeit Hard to choose really as they should all be in a stinking rat infested prison for life in my opinion!!!! ğŸ˜¡
1515652324533981186,meta_ballers,2022-04-17 11:24:08+00:00,"Only 2 ballers from #MBL OG collection have left ğŸ’¥

Last chance to hop on the spaceship ğŸ‘¨â€ğŸš€

If not, get ready for our pre-sale on April 25th! Mark that date ğŸ”¥

Pre-sale price: 125 #XRP! Only 777 #NFTs will be available ğŸ€

#XRP #XRPcommunity #NFTcommunity #XRPL #XRPArmy https://t.co/gco1uJmmgz"
1515652305005293574,AlertingCryptos,2022-04-17 11:24:03+00:00,"[ $ADA ] Cardano  
Race To $1 Trillion: Crypto Price Data Reveals When Bitcoin, Ethereum, BNB, XRP, Cardano And Others Could Hit The Milestone
 https://t.co/Et7QuoWrBf"
1515652124323024902,CryptoPRx1,2022-04-17 11:23:20+00:00,"Race To $1 Trillion: Crypto Price Data Reveals When Bitcoin, Ethereum, BNB, XRP, Cardano And Others Could Hit The Milestone https://t.co/aswkN1DkEf"
1515652121747927042,StraightUpXRP,2022-04-17 11:23:19+00:00,@XRP_OWL Happy egg hunting!
1515652065036492800,shepherd_XRP,2022-04-17 11:23:06+00:00,"@Nihilistic3Y3 @occultb0t Well that would just be outright weird, you perv ğŸ˜†"
1515652002285760517,The_Mainlander,2022-04-17 11:22:51+00:00,"I have no idea what's next and this guess could all be wrong ... I have no idea but does this look coiled up to you? 

#XTK someone may be playing with this market I think bagging it up? XTK/#XRP Pm Realsologenic https://t.co/qhXiAqzLu6"
1515651982429929478,XRPrudioz,2022-04-17 11:22:46+00:00,"@solana_giver @NFTs_ISLAND @imadjie22_XRP 
@Seno_wbw 
@KiDemangXRP 
@RomeroMaulana 
@inung_nurohman 
All task doneâ˜‘ï¸"
1515651948195692546,SalamiFrozen,2022-04-17 11:22:38+00:00,"@XRP_Avengers Just got 500 lol, I don't think so...ğŸ¤£ğŸ¤£"
1515651920995635201,CryptoTeleportr,2022-04-17 11:22:32+00:00,$ERN may pump all day once people start waking up in America! Anything under $5 is a steal!!! $ORCA #buythedip $btc $eth $xrp $doge $icp $ect $snx $sol $mln $nkn $storj $fil $ogn $bal $nmr $fet $ach $amp $ankr $zrx $ren $lrc $skl $celo $shib $spell $bounce $jasmy $xyo $sand $crpt
1515651913307635720,mrdatejust1,2022-04-17 11:22:30+00:00,$XRP and $BTC https://t.co/tUEjVsd9Il
1515651895951769601,HariSrinath,2022-04-17 11:22:26+00:00,"Today #LoveCoin officially enters the #Metaverse ğŸ’Œ 

@LoveCoinPrice #XRPLcommunity #XRP #NFT $LOVE #XRPL"
1515651871582654467,neptune_xrp,2022-04-17 11:22:20+00:00,@GibbyDeenLINY Happy Easter to you and your family as well. ğŸ‘
1515651777315622920,URECOMM,2022-04-17 11:21:57+00:00,"Crypto Price Data Reveals When Bitcoin, Ethereum, BNB, XRP, Cardano And Others Could Hit TheÂ Milestone https://t.co/dpTgmYAMCx"
1515651704024412163,academie_educ,2022-04-17 11:21:40+00:00,"Cryptographic price data reveals when Bitcoin, Ethereum, BNB, XRP, Cardano and others could hit theÂ milestone https://t.co/6x8QQykZoF"
1515651616803901443,crypto_queen_x,2022-04-17 11:21:19+00:00,Add some #XRP to your Easter basketğŸ£ğŸ’›
1515651542405324810,ToshiSat0shi,2022-04-17 11:21:01+00:00,"#Crypto Top 5 24H Vol vs. Circ Supply by Highest Volume

$BTC Bitcoin 0.38M of 19.01M (2.01%)
$ETH Ethereum 2.78M of 120.41M (2.31%)
$XRP XRP 2,805.88M of 48,135.21M (5.83%)
$GMT STEPN 445.94M of 600.00M (74.32%)
$LUNA Terra 11.10M of 357.35M (3.11%)"
1515651516698345472,XRPLToken,2022-04-17 11:20:55+00:00,"@Krystina_arca Please see: https://t.co/NRs8XCLbtb
You can still get #XRPLT at: https://t.co/z6AKhMBxLe
No financial advice, always do your own research."
1515651504824324098,TopCrypto_News,2022-04-17 11:20:52+00:00,"""If you determine $XRP as a security of #Ripple, we have to know every person that owns XRP,"" said the executive. #crypto #cryptocurrency https://t.co/KuMinLWb3I"
1515651465909575680,iammianaa,2022-04-17 11:20:43+00:00,"YoBit AirDrop: Earn up to 4700 Fast Dollars daily: 
https://t.co/zQnYznjB3Dâ€¦
#yobit #xrp #ftx"
1515651435152740353,shepherd_XRP,2022-04-17 11:20:36+00:00,@cobie Loot Box bro
1515651378089107458,NFT336699,2022-04-17 11:20:22+00:00,"Wt is your prediction for #xrp, after #Ripple wins against #sec?

$7, $10, $20, $150, $250 $589 $1000

My prediction $10 

Comment yours.

#Xrp #XRPArmy #XRPUSDT #XRPHolders #xrpsec #XRPLedger 

#FolloForFolloBack"
1515651376512225280,GissingJulius,2022-04-17 11:20:22+00:00,"I would highly recommend following this guy for swing trades/ analysis guys

One of the best traders on Twitter !

@ChiefraFba

Highly recommend his group.

$xrp $ada $trx"
1515651342068555781,XRPrudioz,2022-04-17 11:20:14+00:00,"@_CherryNFT @imadjie22_XRP @KiDemangXRP @RomeroMaulana 
All task doneâ˜‘ï¸
I hope i win from you again miss â¤"
1515651311185940480,Wild_FireOG,2022-04-17 11:20:06+00:00,@XRPjenna @JoelKatz I can finally take care on my mom and dad!!! #XRP ğŸ’¨ğŸ”¥ğŸš€ LFG
1515651282958262281,GameOnInc1,2022-04-17 11:19:59+00:00,@DsdaqCom @Jamyies @JamesMalpass12 @jump_ @XRP_OWL @HardforkCrypto @hitbtc @NFT_Justin @HuobiGlobal @CryptoHunterGon @LiveCoinWatch @Liquid_Global @crypto_council @brian_armstrong @AtomicCryptoX @crypto_ceej @DonCrypto_ @Return_Of_RB @Kevin_Cage_ Sign up and trade today!!!
1515651261084979200,NoGoodJuli,2022-04-17 11:19:54+00:00,"@XRP_Avengers So true. 

#xrp #xrpthestandard #0doubt #Crypto #cryptocurrency #XRPCommunity #tipwithxumm #XRPL #merch #merchandise #cryptomerch

https://t.co/yw5fPphz2Q https://t.co/apJxQHxhDA"
1515651232676737024,lopezdado_cr,2022-04-17 11:19:47+00:00,@BTCTN Okay..now what? I have some XRP. Bought it with usdt. Should I sell it?
1515651197713092608,CryptoTeleportr,2022-04-17 11:19:39+00:00,$ORCA #buythedip $btc $eth $xrp $doge $icp $ect $snx $sol $mln $nkn $storj $fil $mana $enj $ogn $bal $nmr $fet $ach $amp $ankr $zrx $ren $lrc $skl $celo $shib $spell $bounce $jasmy $xyo $iotx $req $sand $crpt #pro $fox $imx $gmt $near $bounce $orn $mina $jasmy $poly $sushi $bico https://t.co/ZOWzGk5mtQ
1515651181741289473,Holly07428872,2022-04-17 11:19:35+00:00,@XRP_OWL Happy Easter.
1515651178859749376,jamesneilhunt,2022-04-17 11:19:35+00:00,"@Brice24587234 @SaifulI68508719 @WatcherGuru XRP = Bank to Bank
XLM = Peer to Peer

Both great ğŸ‘"
1515651136476360712,OrwellsRevenge,2022-04-17 11:19:25+00:00,With all my crypto I always forget I own XLM. XRP always gets all the attention. https://t.co/v7hIcilfG9
1515651059011706883,BoudalZakaria,2022-04-17 11:19:06+00:00,"ğŸš¨ğŸš¨Limited OfferğŸš¨ğŸš¨
â¡ï¸â¡ï¸ https://t.co/5tPXQzViO8

#USA #US #American #Americans #America #Easter #graduation2022 #Airdrop #Ethereum #TheBatman #TheKardashians #quote #fitness #HappyEaster #LetTheEarthBreath #XRP #cryptocurrency #CryptoNews #Coachella #Coachella2022 #HighSchool https://t.co/RVOdrs3e4R"
1515651044897820675,TheDinarian,2022-04-17 11:19:03+00:00,"Been doing a lot of treading lately... but thats ok, time is irrelevant when you know the END GAME!

#XRP 

https://t.co/c8TBnp9LeY"
1515650884721598464,HeraldAfrican,2022-04-17 11:18:25+00:00,"Crypto Price Data Reveals When Bitcoin, Ethereum, BNB, XRP, Cardano And Others Could Hit TheÂ Milestone https://t.co/4IfcLxBo2b"
1515650764274024450,cnd_89,2022-04-17 11:17:56+00:00,0.777 XRP on Easter Sunday https://t.co/wHROT3bx3h
1515650763388686336,CryptoTeleportr,2022-04-17 11:17:56+00:00,"$ERN is about to absolutely explode!!! Volume almost same size as MC, mystery drop coming on 23rd, and first ever authenticated and licensed nft platform!!! $btc $eth $doge $shib $ORN $DESO #cryptotwitter $alcx $dnt $lqty $bounce $ICHI $XRP $ZIL $near $gmm $stg $gmt $WOO $avt https://t.co/Qr28EQ8Soh"
1515650706174357506,johnaldinioh89,2022-04-17 11:17:42+00:00,@XRP_OWL You too bud ğŸ’šğŸ’š
1515650679217532930,Nihilistic3Y3,2022-04-17 11:17:36+00:00,@shepherd_XRP @occultb0t The same question for genitalia ğŸ˜
1515650615690633217,XrpManc,2022-04-17 11:17:20+00:00,Now Iâ€™m no conspiracy theoristâ€¦but why is there an XRP symbol next Joe Rogan ğŸ¤£ #XRPCommunity https://t.co/bQUiQbTa8D
1515650551249309699,pierre_isenia,2022-04-17 11:17:05+00:00,Happy Easter to all. #XRP #cryptocurrency https://t.co/wtvJEtzBir
1515650534828613640,pancky19,2022-04-17 11:17:01+00:00,"ğŸ’¥

ğŸ“† Week 16, snapshot &amp; drop

ğŸ” Weekly reward for holders

Buy on Xumm dex &amp; Sologenicâ¤µï¸
https://t.co/B6TnY4UNvh

ğŸ”Retweet and likeâ¤ï¸
#Rewards #AirdropCrypto #Airdrop @xloyality_Army @ArjanXRP589 @xloyality_team 
Tier 1: XLoyalitY 15MIL â‰ˆ 15XRP https://t.co/xoZye7tRt5"
1515650511587926017,JackTheRippler2,2022-04-17 11:16:56+00:00,"@DiamondHands666 @eToroDE This is your opinon, good Luck with it.
Congrats, 10k + is huge, so -40% in XRP at the Moment should not be a Problem at all, keep Them.
ğŸ™‹ğŸ»â€â™‚ï¸"
1515650481304981510,NetXtrades,2022-04-17 11:16:48+00:00,"$XRP Really amazing place and excellent chatroom  for Crypto tradingâ€¦ 
https://t.co/73ykEF6Qcb"
1515650439714385923,XRP_1337,2022-04-17 11:16:38+00:00,"So, I agreed to not talk about Crypto to my significant other for Lent. Wow, this Lent felt the longest. Well it's over and I succeeded. Let the games begin. ğŸ˜‚ğŸ¤™. #XRP #XRPArmy #XRPcommunity https://t.co/0OiuQdmSxd"
1515650371762507777,fidlaf,2022-04-17 11:16:22+00:00,@XRP_OWL Happy Resurrection Day
1515650356021182471,corpuz_loverlyn,2022-04-17 11:16:18+00:00,"ğŸxSPECTAR XRP GiveawayğŸ

ğŸ† Win 15XRP ( 3 winners of 5xrp each)

RULES:
ğŸ‘‰Follow me, @xspectar @XcharityClub
ğŸ‘‰Join discord :https://t.co/KWjRuvukZ7
ğŸ‘‰Tag 5 friends (Send proof)

â° Ends 48hrs

#xrpl #xrplcommunity #xrp #xrparmy"
1515650314107559936,xloyality_Army,2022-04-17 11:16:08+00:00,"ğŸ”¥ğŸ’ XLoyalitY Holders RewardğŸ’ğŸ”¥
ğŸ’¥

ğŸ“† Week 16, snapshot &amp; drop

ğŸ” Weekly reward for holders

Buy on Xumm dex &amp; Sologenicâ¤µï¸
https://t.co/8E7TBjTmsn

ğŸ”Retweet and likeâ¤ï¸
#Rewards #AirdropCrypto #Airdrop @xloyality_team @ArjanXRP589 @pancky19
Tier 1: XLoyalitY 15MIL â‰ˆ 15XRP https://t.co/L4OnsX26dO"
1515650300148920323,WKD_NFT,2022-04-17 11:16:05+00:00,"Happy easter folks from the little wkds crew ğŸ˜€  ğŸ¥š ğŸ£ ğŸ³ ğŸ¥š ğŸ£ 

@WenLamboDeFi @we_nft 
#btc #bnbÂ  #bscÂ Â  #xrp #ada #vet #cake #SAFEMOON #SAFEMARS #ETH #Doge #xlm #luna #asia #China #america #nftart #DeFi #NFTCommunity #NFTs #NFTGATE #nftcollector #NFTartists #NFT #Easter https://t.co/DcLvazUsdC"
1515650289583370243,adrinvestors,2022-04-17 11:16:03+00:00,"Forbes Crypto: Race To $1 Trillion: Crypto Price Data Reveals When Bitcoin, Ethereum, BNB, XRP, Cardano And Others Could Hit The Milestone: Crypto market price research hasâ€¦ https://t.co/OUpNIQgPFZ Join us at https://t.co/4qJTqjSeyY #cryptocurrency #crypto #cryptocurrencies https://t.co/3CeR1HPhma"
1515650267383013381,PumpWink,2022-04-17 11:15:57+00:00,"@flokiinfo @binance #Floki is egg
&amp; btc eth bnb xrp in it"
1515650242305302529,XRP_OWL,2022-04-17 11:15:51+00:00,Happy Easter everyone!
1515650235615174659,xrp_ferg,2022-04-17 11:15:50+00:00,@NftRamo @SmallBrosNFT love him https://t.co/wxyuCPaCID
1515650220075499520,SlothTradingBot,2022-04-17 11:15:46+00:00,"ğŸ””Price updates for different #crypto assets that get price predictions on ğŸ¦¥SlothTrading:

#ETH: $3,042.04
#DOT: $18.64
#SOL: $102.14
#LUNA: $81.41
#XRP: $0.7769
#AVAX: $77.65

ğŸ’¥New predictions every hour"
1515650165885087747,zaxiru,2022-04-17 11:15:33+00:00,@BilalChart @AhmadCharts $xrp number 3
1515650133404307462,additionalrules,2022-04-17 11:15:25+00:00,"cryptocurrency news.

Race To  Trillion: Crypto Price Data Reveals When Bitcoin, Ethereum, BNB, XRP, Cardano And Others Could Hit The Milestone - Forbes 

 https://t.co/2w0K3uKr8B

#crypto #cryptocurrency #BTC #bitcoin #money"
1515650121974824960,GameOnInc1,2022-04-17 11:15:23+00:00,Get your GOI tokens trading live @DsdaqCom @Jamyies @JamesMalpass12 @jump_ @XRP_OWL @HardforkCrypto @hitbtc @NFT_Justin @HuobiGlobal @CryptoHunterGon @LiveCoinWatch @Liquid_Global @crypto_council @brian_armstrong @AtomicCryptoX @crypto_ceej @DonCrypto_ @Return_Of_RB @Kevin_Cage_ https://t.co/mIvOXNxov7
1515650103746301954,Trade4Capital,2022-04-17 11:15:18+00:00,"$XRP Welcome to crypto traders ğŸ™ğŸ™ğŸ™
https://t.co/xDZyDbYT1Z
$ENJ $SAND $AXS $RFOX $GHST $SOUL $KCAL $DEGO $REVV $VIB $ltc https://t.co/CwmjZqg4DL"
1515650092308516869,wkimcnl,2022-04-17 11:15:16+00:00,Breaking news:  https://t.co/FpbHUBp2R0 #BTC #Crypto #Binance #Altcoins #ADA #Sand #Doge #Luna #Bitcoinpump #dogecoin #FTM #Cardano #PlanB #Uniswap #Sushiswap #xrp #NFT #Solana #SOL #shiba #Ethereum #Cryptocurrency #Ether #Etherium #Bitcoin #Bullrun  #cryptonews  #ALGO #Ma
1515650039045099520,LamboXApes,2022-04-17 11:15:03+00:00,"Join us for day 7 of the Weekly Trivia

ğŸ”¥ Have some fun and win some LXA!!

Lambos are rareâ€¦ get your Lambo #NFT Today with #LXA

Get your #NFTs in a Lambo with out Fusion Token #L3X

ğŸ‘‰ğŸ¼ https://t.co/5TU5zIBIRc

#XRP #XRPLcommunity #XRPL #Xumm #Metaverse #AugmentedReality https://t.co/vNMGFn0aFR"
1515649971319676932,Lay_Renneti_6,2022-04-17 11:14:47+00:00,Did you here that Coinbase is RELISTING XRP tomorrow or nah ? Just speculation by the wayğŸ˜¬ğŸ¤·ğŸ¾â€â™‚ï¸ğŸ¤¦ğŸ¾â€â™‚ï¸
1515649968106840064,XRPBull2017,2022-04-17 11:14:46+00:00,"Bought 170k $SGB and delegated. Love the big drops.

#XRP $FLR #SGB

@CommunityFlare @flaremetrics @FlareNetworks"
1515649941556936709,DailyRoundUp1,2022-04-17 11:14:40+00:00,"Race To $1 Trillion: Crypto Price Data Reveals When Bitcoin, Ethereum, BNB, XRP, Cardano And Others Could Hit The Milestone https://t.co/rTC17EmQn4"
1515649912708468737,XRPLToken,2022-04-17 11:14:33+00:00,"@Vosstorg1 Please see: https://t.co/NRs8XCLbtb
You can still get #XRPLT at: https://t.co/z6AKhMBxLe
No financial advice, always do your own research."
1515649857197060096,IAMXRP,2022-04-17 11:14:20+00:00,"@bobrasX @Ripple @Allbridge_io @realSologenic #SOLOAPES BORED APES ON SOLO 
https://t.co/UHdCPQx1HI CLICK SOLO TAB 
EXCLUSIVE 100 BORED APES 

DONT BE LATE!
JOIN OUR DISCORD
https://t.co/QhjtBdLWw1
OR GO TO SOLOGENIC 
https://t.co/ipfNJqjNvR 

@SvjKingjames @sgbapes @D_Zuko_ @NftRiddler @BoredApeInk @WackoXWarsNFT #SOLO #XRP https://t.co/ePdzh67rat"
1515649788103983104,0xdefinews,2022-04-17 11:14:03+00:00,"GM/GA/GN Race To $1 Trillion: Crypto Price Data Reveals When Bitcoin, Ethereum, BNB, XRP, Cardano And Others Could Hit The Milestone - Forbes https://t.co/zwREtiJaio"
1515649753001779200,Dennymul1225,2022-04-17 11:13:55+00:00,"@xrp334 I'm happy, today's XRP is already 700$â€¦.. but after being kicked by my friend I woke up and realized that it was just a dreamâ€¦LOL BOOOM"
1515649725487366148,GoLowCrypto,2022-04-17 11:13:48+00:00,Day 62 tweeting @coinbase to relist #XRP
1515649724526825478,fubar05872252,2022-04-17 11:13:48+00:00,@XRP_Avengers @UniverseTwenty #Xrp.  Xrteme rich people https://t.co/zqJHJRCL05
1515649684529836032,paynor_joven,2022-04-17 11:13:38+00:00,@XRCryptoStaking Let's Go XRP holder here but 158xrp only ğŸ˜
1515649681355046912,didduediligence,2022-04-17 11:13:38+00:00,"@Nick_Chanas @tizianlorincz @rhinocorte @CryptoWhale BTC could still be declared a security and is the most likely to face strict regulations, high taxes etc due to the insanely high energy consumption. If XRP is ruled to not be a security by a Judge it will be the only one, the first legally."
1515649680687996928,MEGAMANXRP,2022-04-17 11:13:37+00:00,I am also the #4 $CSPR influencer on @LunarCrush. This is why I talk about XDC and CSPR so much lately. Noone else is. Plenty of people talk about XRP. https://t.co/UfdDQpc7kS
1515649646332370951,XRPLToken,2022-04-17 11:13:29+00:00,"@RichardKinsel17 Please see: https://t.co/NRs8XCLbtb
You can still get #XRPLT at: https://t.co/z6AKhMBxLe
No financial advice, always do your own research."
1515649554762584064,Natedog51920014,2022-04-17 11:13:07+00:00,"@KGigachad He must have did that on his phone cause it m,agically appeared in his accout while he was on hos phone.Last time he converted his xrp to usdt,maybe he converted the other crypto he has."
1515649545614544897,StckPro,2022-04-17 11:13:05+00:00,"$ADA $BNB $BTC NEW ARTICLE : Race To $1 Trillion: Crypto Price Data Reveals When Bitcoin, Ethereum, BNB, XRP, Cardano And Others Could Hit The Milestone https://t.co/UAnsvnPqTg Get all the latest $ADA.X related news here : https://t.co/zW23C8s76E https://t.co/mSSrKMeAMC"
1515649536235958272,CryptoTeleportr,2022-04-17 11:13:03+00:00,You guys are going to be mad when everyone is hyping up $ERN in the morning when everyone is awake and its already $5+ ;) $wLUNA #robinhood $btc $eth $doge $shib $ORN $DESO #cryptotwitter $alcx $dnt $lqty $bounce $ICHI $XRP $ZIL $near $gmm $stg $gmt $WOO $avt
1515649519924523009,lionel_xrp,2022-04-17 11:12:59+00:00,@realXRPwhale And we are approaching a new ATH each days âœŒï¸
1515649493403942913,XRPTradeZ,2022-04-17 11:12:53+00:00,"#Shib be like: I wanna party!! ğŸ‰ 
#XRP be like: naah, fuck this, Im going home!
#Shib be like: ah okey, I'll come with ya! 

..another day in crypto paradise! ğŸ˜…"
1515649444594733060,Mp34905500Mp,2022-04-17 11:12:41+00:00,"@hawaiianXRP @NFTLabs_ @RCoat13 @BoredApesXRP @XRPjenna @xToadz @Pluto_Alliance @XRP_Anon17
@KURO14245180
@CryptoesEnthus
@XRPL_NFTs
@JohnsynMararac

Happy Easter All!"
1515649419483430914,XRPLToken,2022-04-17 11:12:35+00:00,"@mark_corilla Please see: https://t.co/NRs8XCLbtb
You can still get #XRPLT at: https://t.co/z6AKhMBxLe
No financial advice, always do your own research."
1515649389141889028,soroushtweet,2022-04-17 11:12:28+00:00,"ğŸš¨ğŸ’£The SEC Set Itself Up for Catastrophe in Lawsuit Against Ripple, Says Crypto Legal Expert â€“ Hereâ€™s Why
https://t.co/FgpJsPtD9s
#Ripple #SEC #RippleHouse #XRP #XRPCommunity #xrpthestandard #xrpsec #ETHGate #XRPLcommunity #XRPLedger #XRPLToken #xrplt"
1515649365603495943,PlutowinM,2022-04-17 11:12:22+00:00,@blackbeardXBT I brought xrp at 1.40
1515649356891926529,aa8edf49c8b5435,2022-04-17 11:12:20+00:00,@WatcherGuru And flowed straight into XRP..
1515649349505724418,TorontoGuide2,2022-04-17 11:12:18+00:00,"YoBit Farming: Earn up to 427% APY: https://t.co/rB7qFMHlx6
#yobit #dogecoin #xrp"
1515649306853883914,thedextazlab,2022-04-17 11:12:08+00:00,"Race To $1 Trillion: Crypto Price Data Reveals When Bitcoin, Ethereum, BNB, XRP, Cardano And Others Could Hit The Milestone https://t.co/c6ijgzkdts"
1515649274750459908,YonPH_1968,2022-04-17 11:12:01+00:00,@TomMartinFrank1 @skipper_xrp @UniverseTwenty @XRPjenna @MackAttackXRP Lets goooooo #xTREME ğŸ˜ğŸ˜ğŸš€ğŸš€ğŸš€
1515649227795357700,XRP_1337,2022-04-17 11:11:49+00:00,"The Sun Will Rise. Happy Easter.
Enjoy this day with loved ones.
#XRP
#XRPArmy
#XRPcommunity
@bgarlinghouse
@chrislarsensf
@JoelKatz
@ashgoblue
@Ripple https://t.co/x9SA3zGivZ"
1515649224175665155,XRPLToken,2022-04-17 11:11:49+00:00,"@rk_tewari Please see: https://t.co/NRs8XCLbtb
You can still get #XRPLT at: https://t.co/z6AKhMBxLe
No financial advice, always do your own research."
1515649210216955906,Kaliyas2,2022-04-17 11:11:45+00:00,"$gala WILL FOLLOW $LRC 
https://t.co/J6kcue0CWD
BUY NOW.

$BTC $SHIB $XRP $VET $ZIL $XEC $BNB $KEEP $NU $DENT $DNT https://t.co/rQPuNyN6Eo"
1515649209336274949,ViewsonBrews,2022-04-17 11:11:45+00:00,"@ragzyart I think xrp is going to change the world.
Plenty of room for several cryptos to change the way we exchange value. Room for all â™¥ï¸âœŠ"
1515649167179358213,raypta,2022-04-17 11:11:35+00:00,"My #btcflower #nft special #pinnacle #punk #nft will cost #100 #icp at least.
#xrp #nft #Solana
#btc"
1515649099705507851,prosongit,2022-04-17 11:11:19+00:00,"Race To $1 Trillion: Crypto Price Data Reveals When Bitcoin, Ethereum, BNB, XRP, Cardano And Others Could Hit The Milestone https://t.co/Q833iFw2yG"
1515649093351223298,Swandee86,2022-04-17 11:11:17+00:00,@XRP_Airdrops Thanks for this! 38 hours in but still not received anything
1515649041211789314,BenjaminCrombez,2022-04-17 11:11:05+00:00,@OMEGA_8888 Please pick me! I have no friends and only hold LVT &amp; XRP. my LIFE sucks
1515649033246806018,Alexamicaleff,2022-04-17 11:11:03+00:00,"ğŸ”´2013 You missed #BTC 
ğŸ”´2014 You missed #DOGE
ğŸ”´2015 You missed #XRP
ğŸ”´2016 You missed #ETH
ğŸ”´2017 You missed #ADA
ğŸ”´2018 You missed #BNB 
ğŸ”´2019 You missed #LINK
ğŸ”´2020 You missed #DOT 
ğŸ”´2021 You missed #SHIB 
ğŸŸ¢In 2022, don't miss?ğŸš€

#KISHU #BabyDoge #BlueSparrow #altcoins"
1515649003983155202,mxttsco,2022-04-17 11:10:56+00:00,"@AthanasiosGigis @DSGC_XRP @CasinoCoin @BitrueOfficial The same. It's just named CSCXRPL on Bitrue because they had the old CSC &amp; new CSC listed at same time whilst a coin swap was happening last year, and both couldn't have the same ticker. It's going to go change to ""CSC"" on Bitrue to match everywhere else though."
1515648908004937728,mjr_eazy,2022-04-17 11:10:33+00:00,"Lol, us XRP hodlers are the most patient people in the world!
#XRP https://t.co/AkDfFLq70P"
1515648832603934720,coinpricenow,2022-04-17 11:10:15+00:00,"1 Bitcoin ( #BTC )
Dollar: 40,425.63$ 

1 Bitcoin Cash ( #BCH )
Dollar: 3,47.97$ 

1 Ethereum ( #ETH )
Dollar: 3,042.31$ 

1 Ripple ( #XRP )
Dollar: 0.77704$ 

Date: 17 Apr 2022 11:10

#Bitcoin #Ethereum #cryptocurrency #crypto #altcoin #Blockchain #Ripple"
1515648812123045898,R0ckySantaCruz,2022-04-17 11:10:10+00:00,Is it bad that I will not follow anyone if I see $XRP in their bio??
1515648809682059265,MuseForge43,2022-04-17 11:10:10+00:00,"What a helpful graphic.
#ISO20022 #Compliant #cryptocurrency #fiveyearplan
#ItAintNoLie baby,
Bye! Bye! Bye!

RIPPLE &gt; $XRP
STELLAR &gt; $XLM
XINFIN &gt; $XDC
ALGORAND &gt; $ALGO
IOTA &gt; $IOTA https://t.co/5pFOUyf96L"
1515648798629974017,XRPLToken,2022-04-17 11:10:07+00:00,"@GianGeo1 Please see: https://t.co/NRs8XCLbtb
You can still get #XRPLT at: https://t.co/z6AKhMBxLe
No financial advice, always do your own research."
1515648767759982596,xrppricebot,2022-04-17 11:10:00+00:00,"ğŸ””â—ï¸ $XRP has retained a value of $0.78 over the last hour. 
 ğŸ•“ 17-04-22 | 11:09 GMT"
1515648759463821312,DRAGONxFCX,2022-04-17 11:09:58+00:00,"ğŸš¨ğŸš¨GIVEAWAY ALERT ğŸš¨ğŸš¨

5,000 $FCX FOR ğŸ¥‡5 WINNERS

ğŸ¥‡ RETWEET
ğŸ¥‡ FOLLOW @DRAGONxFCX &amp; @FCX_Focus 
ğŸ¥‡ TAG 5 PEOPLE
ğŸ¥‡ JOIN DISCORD : https://t.co/8ijLDbAbZL

Change your profile picture using this photo ğŸ‘‡ğŸ‘‡ğŸ‘‡

Ends 48hrs

#XRP #XRPLcommunity #xrpsec #XRPLedger https://t.co/Dmr6RduPtv"
1515648667092455428,MartinPratheep,2022-04-17 11:09:36+00:00,"Mr. Whale Says XRP Altseason Insane Next Time

#Coinbilla #CBNews #XRP
#Ripple #price

https://t.co/XK7ngrExZe"
1515648586062905349,XRPrudioz,2022-04-17 11:09:16+00:00,"@sbnftgang @imadjie22_XRP 
@RomeroMaulana 
@inung_nurohman 
@Seno_wbw
@KiDemangXRP 
All rules set &amp; doneâ˜‘ï¸ https://t.co/v9QSVKtLTY"
1515648555817525255,johnaldinioh89,2022-04-17 11:09:09+00:00,@robvsnature @Hustle_Invest @coinbureau Superceded by what exactly? What other crypto can solve the nostro/vostro problem we have in the world like xrp can ? If your on about payments sure some are as fast and faster but none can do what xrp does as efficiently as it does . If you think otherwise you need to research
1515648525987725314,nolapowa,2022-04-17 11:09:02+00:00,@CryptoBull2020 Gave up on XRP a long time ago once I really wrapped my head around crypto. XRP is useful for one thing and that is cheap transfers
1515648464536969225,XRP_1337,2022-04-17 11:08:47+00:00,@CryptoWhale Happy Easters https://t.co/d8AbGNwOaC
1515648433347997696,XrpHoward,2022-04-17 11:08:40+00:00,"Anyone that truly saw the potential of #xrp in 2017, that had a ğŸ’¡moment when the y heard the â€œcash in a briefcase by plane is quickerâ€ pitch, thought â€˜this is going to change thingsâ€™, but also â€˜hmm, the banks will fightâ€™.
The SEC case is the big first battle, the beachhead."
1515648384748597257,yueyue44543231,2022-04-17 11:08:28+00:00,"Good morning, millionaires.#BTC #ETH #ADA #doge #XRP https://t.co/Z9SQ0HFHX0"
1515648363286315011,TATrader_Alan,2022-04-17 11:08:23+00:00,@XRP_Avengers @RippleXrpie Chance has come to us https://t.co/u7g2rTiuFR
1515648349512163332,XRP_Rush,2022-04-17 11:08:20+00:00,@ChrisAndersom6 @CryptoWhale even if its a ghost virus. i knew people that were healthy and died from this virus. still fucked up that they did population control on us
1515648323184701448,SparrowTeamBot,2022-04-17 11:08:14+00:00,"Assets              Rate             Timestamp
0    BTC  3097382.94596387  2022-04-17T11:06:00Z
1    ETH   233105.86183521  2022-04-17T11:06:00Z
2    XRP       59.50166300  2022-04-17T11:06:00Z"
1515648318851977218,CryptoGuy182,2022-04-17 11:08:13+00:00,@Crypt0_Normie @Jazy_Crypto Could you not say the same ( in fact even more ) for xrp ?
1515648318298202117,rafiesiaman,2022-04-17 11:08:13+00:00,@CryptoBull2020 what are you saying bruh. you can compare how much supply btc has and xrp. you cant turn against the mother itself. ğŸ˜‚. wanna get out from btc's influence? try burn those xrp instead equal to btc supply
1515648280058806280,hypnotist108,2022-04-17 11:08:04+00:00,"#APL, more advanced than most other #blockchains because of it's incredible tech #sharding, adaptive forging (like mining) where other projects go slower with traffic it goes even quicker as much as Sub second! it's knox wire cross border payment system is like #xrp on steroids."
1515648266309971969,Corp_promotion,2022-04-17 11:08:00+00:00,"The longer $LUNA consolidates at a lower price, the more gets burnt. 

$LUNA $ATOM $UST $ETH $BTC $SOL $AVAX $NEAR $OSMO $ADA $XRP"
1515648229236518913,XRP_1337,2022-04-17 11:07:51+00:00,"@JoelKatz Hahaha, where did you get these?"
1515648202262732801,xrp_fighter,2022-04-17 11:07:45+00:00,@jumboxrpl ad requirement pls?
1515648186425221120,guy_am_i,2022-04-17 11:07:41+00:00,"@XRPLToken Ugh Coinbase doesn't support XRP
rwHy1mbJ5CL8gHEHEm8VuC3BbesZdeLEHx 
I need to get started first"
1515648142691160065,ashmanukyan,2022-04-17 11:07:31+00:00,$XRP targets after the lawsuit $32. Follow me. Ill make you rich..
1515648115415478273,XRP_Mraz,2022-04-17 11:07:24+00:00,The #NFT brand behind @XZillasXRPL and @ArniesNFT are completing an #XRPL #airdrop! Join the Telegram &amp; Discord to receive the ATOM Token Airdrop! @arnillastudios https://t.co/HkZLdaRZ8u
1515648110864838661,cryptotrendin,2022-04-17 11:07:23+00:00,"Top 5 Mentions Updated Every 15 Minutes

  [BETA STAGE] Except BTC and ETH  

  1- $XRP:2561991 point ğŸš€

  2- $RSR:584216 point ğŸš€

  3- $OGN:336237 point ğŸš€

  4- $SOL:235015 point ğŸš€

  5- $LUNA:232794 point ğŸš€"
1515648105651204098,Ferybroo,2022-04-17 11:07:22+00:00,"#jst still bullish.
#XRP #XLM #Bitcoin #ETH #Binance #Telcoin"
1515648096461545475,XRPLToken,2022-04-17 11:07:20+00:00,"@kdariuso0 Please see: https://t.co/NRs8XCLbtb
You can still get #XRPLT at: https://t.co/z6AKhMBxLe
No financial advice, always do your own research."
1515648028551516163,Kaliyas2,2022-04-17 11:07:04+00:00,"Buy some $xrp and ready
ğŸš€ğŸš€ğŸ”¥ğŸš€ğŸš€ğŸ”¥ğŸš€ğŸš€
https://t.co/J6kcue0CWD
$btc $sol $keep $omg $zec $zil $ata $ilv $klay $nu $lina https://t.co/LWkZeZJ9L5"
1515648018082455554,h_thamal,2022-04-17 11:07:01+00:00,"@binance #BinanceEggHunt #Easter2022 
I would choose 4th in my basket,XRP"
1515647928299270144,CryptoTeleportr,2022-04-17 11:06:40+00:00,Everyone report to $ERN with their moonboots it may be time to fly! ğŸ§™ $ORCA #buythedip $btc $eth $xrp $doge $icp $ect $snx $sol $mln $nkn $storj $fil $mana $enj $ogn $bal $nmr $fet $ach $amp $ankr $zrx $ren $lrc $skl $celo $shib $spell $bounce $jasmy $xyo $iotx $req $sand $crpt
1515647926143311873,whenlamboxrp,2022-04-17 11:06:39+00:00,@Unic0rnArt @MrDirtyFresh iâ€¦ dont think this means anything other than xrp was bought via bitrue
1515647918556037122,Bitcoin_Korea,2022-04-17 11:06:37+00:00,"""If you determine $XRP as a security of #Ripple, we have to know every person that owns XRP,"" said the executive. #crypto #cryptocurrency https://t.co/Qc91CsngOY (via Twitter https://t.co/kDamRdP5nO)"
1515647878882025472,tirolerurlaub,2022-04-17 11:06:28+00:00,@_Crypto_Barbie @XRP_Moonshots What's your price target?
1515647873505021975,MuseForge43,2022-04-17 11:06:27+00:00,"@100trillionUSD Nice video of the #Bitcoin backed #Tsunami that is $XRP.

#XRPTheStandard 

It was always #XRP"
1515647837614264325,quant_coin,2022-04-17 11:06:18+00:00,"Swing ğŸš¥

$BTC ğŸŸ¡ $40,421.64
$ETH ğŸŸ¡ $3,043.09
$BNB ğŸŸ¡ $414.40
$USDC ğŸŸ¡ $1.00
$XRP ğŸŸ¢ $0.78
$SOL ğŸŸ¡ $102.26
$ADA ğŸŸ¡ $0.95
$LUNA ğŸŸ¡ $81.53
$AVAX ğŸŸ¡ $77.85
$DOGE ğŸŸ¡ $0.14

https://t.co/xzqH6LyCnS"
1515647830177759235,urfi_xrp,2022-04-17 11:06:16+00:00,@BabaCugs Everyone has the individual responsibility to make the choice between the real world and an artificial world
1515647826067222529,Kaliyas2,2022-04-17 11:06:15+00:00,"$doge  will pump very soon
 https://t.co/J6kcue0CWD
buy a big bag and readyğŸš€ğŸ’š

look at the chart !

$btc $sol  $keep $nu $clv $crv $one $dent $hot $xrp $bnb $ata https://t.co/BDofnZn2o0"
1515647766277414912,TheButlerrr,2022-04-17 11:06:01+00:00,"@TomMartinFrank1 @skipper_xrp @UniverseTwenty @XRPjenna @MackAttackXRP Happy Easter
#XtremeArmy

@anna_23kake 
@Rajaa_Ginting 
@_rhykasantos 
@PhXrpl 
@wixx_kerbie"
1515647701270028289,SlothTradingBot,2022-04-17 11:05:46+00:00,"ğŸ””Price updates for different #crypto assets that get price predictions on ğŸ¦¥SlothTrading:

#ETH: $3,042.90
#DOT: $18.66
#SOL: $102.28
#LUNA: $81.51
#XRP: $0.7775
#AVAX: $77.82

ğŸ’¥New predictions every hour"
1515647699177119749,Inspironator,2022-04-17 11:05:45+00:00,@MMCrypto Bitcoin and XRP are creating a revolution in money using blockchain technology by cutting the imbecilical ball and chain
1515647657880219648,AlohaEigoOrg,2022-04-17 11:05:35+00:00,"@coinbureau Bitcoin, Ethereum and XRP: the survivors"
1515647537255882752,gelig_john,2022-04-17 11:05:06+00:00,@TomMartinFrank1 @skipper_xrp @UniverseTwenty @XRPjenna @MackAttackXRP Yooow! Shine bright like a ğŸ’
1515647532927389696,haha00116,2022-04-17 11:05:05+00:00,"MWEB should lock-in next window and activate about 5 weeks from today

#Binance $FIL $ADA $FTM $NEAR #bitcoin #blockchain $btc $eth #btc #xrp #DeFi $DOT $BNB $AVAX #NFT #OpenSea #bsc #BSCGems #Cardano #NEAR #Coinbase #GameFi #NFT #NFTCommunity #Metaverse #GameFi #ICPUSDT #ocean https://t.co/84rBa3muwe"
1515647530461274112,VenomsReturn,2022-04-17 11:05:05+00:00,"Will #XRPÂ  hit new ATHs in 2022?

No           Maybe         Yes!
ğŸ‘‡             ğŸ‘‡               ğŸ‘‡"
1515647523603595269,TradinginTime,2022-04-17 11:05:03+00:00,"#XRP is unlikely to test the all time high of $3.40 anytime soon
$XRP | USD pair

#Altoogle for #Altcoins"
1515647437813256196,PrimeEmbark,2022-04-17 11:04:43+00:00,"@CryptoBull2020 Bitcoin: $0
Ethereum: $0
XRP: $69,000
The public were never supposed to buy $XRP for a reason."
1515647421539250176,CryptoTeleportr,2022-04-17 11:04:39+00:00,Alright not sure if we can break 4.90 rn but if we do this thing will absolutely rocketâ€¦ $ERN may be the Easter play of the day!!! ğŸ˜ˆğŸ‘€ğŸ“ˆğŸ¤« $wLUNA #robinhood $btc $eth $doge $shib $ORN $DESO #cryptotwitter $alcx $dnt $lqty $bounce $ICHI $XRP $ZIL $near $gmm $stg $gmt $WOO $avt
1515647297412993026,AgeingTrex,2022-04-17 11:04:09+00:00,"$BTC LOOKS PROMISING
https://t.co/QDnQgYBbLO
$XRP $SHIB $ADA $BNB $MANA $SAND $ANKR $ZIL $HNT $BTC $ETH $LTC $TFUEL $vet https://t.co/NUstPQkGv4"
1515647283479838720,minasora0206,2022-04-17 11:04:06+00:00,"@skipper_xrp @ChibsNft AMAZING ğŸº

@bubebabi 
@Epb84D52e4fQ2pj 
@sachiaoi0723
@UAJm4KN37kRsbPO @danboorudes"
1515647262415859715,BalvinderSambhi,2022-04-17 11:04:01+00:00,"#BNbitcoin 21M POW- 5,105,300 mined, 15,894,700
to go! Mining contract till 2152ADâ›ï¸ğŸ˜‰ğŸ“ˆğŸš€ğŸ’
#BNBTC #BTC #0XBTC #Ethereum #BNB #MATIC #Terra #CRO  #Doge #Solana #Dot #Avax #Xrp #Link #Algo #Ftm #Ftt #Atom #Near #Xlm #Vet #Theta #XTZ #Enj #Amp #BTT #TRX https://t.co/iTiOomYtR1"
1515647185123041285,huuvinh1407,2022-04-17 11:03:42+00:00,"YoBit AirDrop: Earn up to 4700 Fast Dollars daily: https://t.co/ahf8vI3b22
#yobit #ton #xrp"
1515647176692666369,blockbyt_es,2022-04-17 11:03:40+00:00,Crypto bosses say the 'tide is turning' on regulation - https://t.co/D3zO1NvARU #crypto #blockchain #bitcoin #eth #xrp https://t.co/ak3B5dMn11
1515647165997064192,Kaliyas2,2022-04-17 11:03:38+00:00,"$band  chart
https://t.co/J6kcue0CWD
 ğŸš€ğŸš€ğŸš€ğŸ’šğŸ’šğŸ’š

 buy more and wait ..

$btc #Bitcoin $eth $ada $xrp $xlm $hot $crv $df $nu $sc $xec https://t.co/227NJ6Wmw8"
1515647060191727618,prncsdi13,2022-04-17 11:03:13+00:00,@XRP_OWL I dont think itâ€™s as much being the savior for social interaction as it is being the savior for multi sided social exchanges. When an entire subset is silenced; where is the actual interaction? Itâ€™s blowhards pontificating to each other. Happy Easter Ryan! âœï¸
1515647056957878272,piyasaanalizi00,2022-04-17 11:03:12+00:00,"ğŸš€ğŸš€ğŸš€ xrp USDğŸš€ğŸš€ğŸš€pumps ğŸ”¥ğŸ”¥
Maliyet 0.70 hedef 1.26ğŸ³"
1515647017640288265,BTCTN,2022-04-17 11:03:03+00:00,"""If you determine $XRP as a security of #Ripple, we have to know every person that owns XRP,"" said the executive. #crypto #cryptocurrency https://t.co/NiMRHGjVhM"
1515647009969082368,LoopinTv,2022-04-17 11:03:01+00:00,@Hustle_Invest @coinbureau #xrp will be #1 one day
1515646908089487363,giannim76,2022-04-17 11:02:36+00:00,"Probably nothing ğŸ’ğŸ’¶ğŸ’“ğŸ‘‡
https://t.co/YMXnyYl6sA"
1515646904650113031,wkimcnl,2022-04-17 11:02:36+00:00,Breaking news:  https://t.co/fl5xkHmvZi #BTC #Crypto #Binance #Altcoins #ADA #Sand #Doge #Luna #Bitcoinpump #dogecoin #FTM #Cardano #PlanB #Uniswap #Sushiswap #xrp #NFT #Solana #SOL #shiba #Ethereum #Cryptocurrency #Ether #Etherium #Bitcoin #Bullrun  #cryptonews  #ALGO #Ma
1515646896232095744,KevinTwoddleXRP,2022-04-17 11:02:34+00:00,@wolfofwallst Neither.  $XRP
1515646831895580677,bitcoinlfgo,2022-04-17 11:02:18+00:00,"What you want to be featured on bitcoinlfg platform ? ğŸ‘€
$BTC 
$BNB 
$ETH 
$GENE
$VET
$XRP 
$CRO
$PULI
$AVAX
$SHIB
$DOGE 
$ADA 
$CRV
$KASTA 
$LUNA
$FLOKI
$SHINJI
$FEG
$CATE
$PIG
$THG"
1515646777902391296,LoopinTv,2022-04-17 11:02:05+00:00,"@Antonio60205242 @38Tayyab @scottbenevans @coinbureau Lol, the best is yet to come for #xrp and #ada"
1515646770738573316,ManChiCrypto,2022-04-17 11:02:04+00:00,"What could be more exciting than art created by artificial intelligence? Especially when we can manage it and direct it in the right way.

Soon you will see us on @RealSologenic

#sologenic #solo #XRPL #XRP"
1515646757744660490,wkimcnl,2022-04-17 11:02:01+00:00,Breaking news:  https://t.co/S7er841tsc #BTC #Crypto #Binance #Altcoins #ADA #Sand #Doge #Luna #Bitcoinpump #dogecoin #FTM #Cardano #PlanB #Uniswap #Sushiswap #xrp #NFT #Solana #SOL #shiba #Ethereum #Cryptocurrency #Ether #Etherium #Bitcoin #Bullrun  #cryptonews  #ALGO #Ma
1515646638299267073,johnaldinioh89,2022-04-17 11:01:32+00:00,$btc is currently sitting around the 1.618 fib extension from last cycle . If the @SECGov hadn't attacked #ripple and $xrp we would currently be consolidating around the $5-6 mark . It can either annoy you or make you excited for what's to come. #xrp #xrparmy #xrpl https://t.co/RoCC5Wi7QS
1515646633802964994,swalehali7,2022-04-17 11:01:31+00:00,"@CryptoHubKE Yes u can with xlm,xrp,xdc. Cheaper, faster, greener."
1515646601091592197,wkimcnl,2022-04-17 11:01:23+00:00,Breaking news:  https://t.co/ELLuqpAVQb #BTC #Crypto #Binance #Altcoins #ADA #Sand #Doge #Luna #Bitcoinpump #dogecoin #FTM #Cardano #PlanB #Uniswap #Sushiswap #xrp #NFT #Solana #SOL #shiba #Ethereum #Cryptocurrency #Ether #Etherium #Bitcoin #Bullrun  #cryptonews  #ALGO #Ma
1515646561207914508,Day_Rooney72,2022-04-17 11:01:14+00:00,World bridge currency https://t.co/2NLXYL69Tr
1515646553549119491,wkimcnl,2022-04-17 11:01:12+00:00,Breaking news:  https://t.co/a2yNYRewug #BTC #Crypto #Binance #Altcoins #ADA #Sand #Doge #Luna #Bitcoinpump #dogecoin #FTM #Cardano #PlanB #Uniswap #Sushiswap #xrp #NFT #Solana #SOL #shiba #Ethereum #Cryptocurrency #Ether #Etherium #Bitcoin #Bullrun  #cryptonews  #ALGO #Ma
1515646548171964421,LoopinTv,2022-04-17 11:01:11+00:00,@coinbureau Should have bought more #xrp then
1515646506270961669,VeryCryptoNerd,2022-04-17 11:01:01+00:00,"ğŸ“Š #crypto Stats ğŸ“Š

#Bitcoin = $40459
#Ethereum = $3044.65
#Tether = $1.001
#BNB = $414.71
#USD_Coin = $0.998906
#XRP = $0.779671
#Solana = $102.3
#Cardano = $0.952633
#Terra = $81.57
#Avalanche = $77.79 https://t.co/0iYlfXzizl"
1515646483009347587,iluvbitcoins,2022-04-17 11:00:55+00:00,"Part 1/2:

BTCMarkets
#BTC: $54890
#BCH: $466
#ETH: $4128
#LTC: $154
#XRP: $1.06

Coinspot
#BTC: $54755
#ETH: $4120
#LTC: $155
#XRP: $1.06

Cointree
#BTC: $54201
#BCH: $458
#ETH: $4010
#LTC: $150
#XRP: $1.03"
1515646375676940291,topcryptostats,2022-04-17 11:00:29+00:00,"XRP - XRP
Price: $0.78
Change in 1h: -0.28538457%
Market cap: $37,502,865,237.46
Ranking: 6
#XRP #XRP"
1515646375194767363,wkimcnl,2022-04-17 11:00:29+00:00,Breaking news:  https://t.co/vWZCrDSafd #BTC #Crypto #Binance #Altcoins #ADA #Sand #Doge #Luna #Bitcoinpump #dogecoin #FTM #Cardano #PlanB #Uniswap #Sushiswap #xrp #NFT #Solana #SOL #shiba #Ethereum #Cryptocurrency #Ether #Etherium #Bitcoin #Bullrun  #cryptonews  #ALGO #Ma
1515646359151468549,Biggi_Baltica,2022-04-17 11:00:26+00:00,"Happy #Easter #xTREME â£ï¸ğŸ¥ğŸ¤ğŸ°ğŸ‡ğŸ£ğŸŒ¼ğŸµğŸŒ·

#xTREME #XRP 
@PhXrpl 
@Rajaa_Ginting 
@wixx_kerbie 
@MaraisGhasan
@CosmeRitchel 
@SberryMoon_15 
@XRPMingren 
@xtreme_asia
@skipper_xrp @micropowerline 
@TomMartinFrank1 
@grunge777 
@HM_Ericsson
@editions_NFT https://t.co/izUfJmmps3"
1515646356966227974,captreagan,2022-04-17 11:00:25+00:00,@tinydinosfliped You should be telling that to the #xrp guys
1515646303342145540,ValorCriptoBot,2022-04-17 11:00:12+00:00,"$BTC 40412 ; -0.00%
$ETH 3041.9 ; +0.08%
$BNB 414.4 ; -0.40%
$SOL 102.2 ; -0.10%
$ADA 0.951 ; -0.41%
$XRP 0.778 ; +0.25%
$LUNA 81.48 ; 0.000%
$DOT 18.66 ; +1.63%
$DOGE 0.144 ; -0.55%
$MATIC 1.371 ; -1.22%
$SHIB 0.000025 ; +0.85%
$AVAX 77.81 ; +0.54%
$SAND 2.784 ; -2.06%"
1515646281691312128,cryptojohnsmith,2022-04-17 11:00:07+00:00,"Predictions in progress
[Position] Current Profit(USDT)
#BTC [Long ]  -0.87
#ETH      [Long ]  -5.14
#ADA     [Long ]  +5.00
#SOL     [Short]   +2.00
#XRP     [Short]   -7.80
#BNB     [Short] -1.50
#LUNA   [Short]  -3.00
#DOGE   [Long ] +10.20

#Binance
https://t.co/hlcM7LCbXN https://t.co/6lYJXOGsj1"
1515646280810307585,GetStocks,2022-04-17 11:00:07+00:00,"ğŸ“Š MCAP DOMINANCE $
1ï¸âƒ£ $BTC  40.06%  768.56B
2ï¸âƒ£ $ETH  19.10%  366.42B
3ï¸âƒ£ $USDT  4.31%  82.75B
4ï¸âƒ£ $BNB  3.63%  69.71B
5ï¸âƒ£ $USDC  2.61%  50.08B
6ï¸âƒ£ $XRP  1.96%  37.53B
7ï¸âƒ£ $SOL  1.77%  34.04B
8ï¸âƒ£ $ADA  1.59%  30.51B
9ï¸âƒ£ $LUNA  1.52%  29.11B
ğŸ”Ÿ others  23.44%  449.75B
Total: 1.92T"
1515646275714224132,GetStocks,2022-04-17 11:00:06+00:00,"TOP *MARKET CAP* $ %24h
1ï¸âƒ£ $BTC 768.56B -0.05ğŸ”»
2ï¸âƒ£ $ETH 366.42B +0.04ğŸ‘
3ï¸âƒ£ $USDT 82.75B -0.02ğŸ”»
4ï¸âƒ£ $BNB 69.71B -0.31ğŸ”»
5ï¸âƒ£ $USDC 50.08B -0.02ğŸ”»
6ï¸âƒ£ $XRP 37.53B +0.40ğŸ‘
7ï¸âƒ£ $SOL 34.04B +0.13ğŸ‘
8ï¸âƒ£ $ADA 30.51B -0.27ğŸ”»
9ï¸âƒ£ $LUNA 29.11B -0.08ğŸ”»
ğŸ”Ÿ $AVAX 20.86B +0.74ğŸ‘"
1515646272090296321,cryptojack,2022-04-17 11:00:05+00:00,"You can only choose one!!!

- $BTC  
-$VPAD
- $ADA 
- $KASTA 
- $SHIB
- $TEL 
- $MATIC
- $DOGE
- $EGLD
- $CRO
- $NEXO
- $FEG 
- $ATLAS
- $FLOKI 
- $KISHU
- $CHSB
- $ETH
- $SOL
- $XRP 

Tell me in the comments ğŸ‘‡ğŸ»ğŸ‘‡ğŸ»ğŸ‘‡ğŸ»"
1515646269254995976,cryptosUSD,2022-04-17 11:00:04+00:00,"ğŸ”„ Prices update in $USD | Last 1 hour

$XRP ğŸ”´: 0.78 $    (-0.31 %)
$SOL ğŸŸ¢: 102.2 $   (+0.16 %)
$DOGE ğŸŸ¢: 0.14 $    (+0.07 %)
$DOT ğŸŸ¢: 18.64 $   (+0.13 %)"
1515646266885255173,realwwcrypto,2022-04-17 11:00:04+00:00,"ğŸš¨ XRP Volume Update! 
 $XRP in the last 24h has had a volume of 870,378,121 GBP! 
 This is a -42.57% change!"
1515646260555960321,realwwcrypto,2022-04-17 11:00:02+00:00,"âš ï¸ XRP Price Alert! 
 $XRP is down -0.16% in 24h! It is now 0.6 GBP."
1515646260434268166,XRP_Trustlines,2022-04-17 11:00:02+00:00,Don't forget to set the latest trustlines at https://t.co/OM7fVv5sHC
1515646251810836482,Coin__Stake,2022-04-17 11:00:00+00:00,"Coin Stake Token ğŸ†
#mostsecureplatforpancakeswap LIVE!

ğŸ¤º BUY CST TOKEN NOW: âš”ï¸â¤ï¸â€ğŸ”¥

ğŸ¼ @ PancakeSwap ğŸ¥ğŸ
https://t.co/YAUddQBr7Y

ğŸ’© @ PooCoin ğŸ•â€ğŸ¦ºğŸª
https://t.co/3paPFD4aYc

ğŸ’£ @ nomics ğŸ’¢ğŸ’­
https://t.co/2zGfvL2EYj

#PancakeSwap #PooCoin #nomics #BSCscan #BTC #MATIC #XRP #Crypto https://t.co/66lCYe0lDZ"
1515646250959396865,AlertingCryptos,2022-04-17 11:00:00+00:00,"Most mentionned cryptos on reddit today so far:
$BTC : 456 
$ETH : 142 
$ADA : 70 
$DOGE : 45 
$ALGO : 31 
$XMR : 29 
$SOL : 29 
$DOT : 28 
$SHIB : 27 
$LN : 23 
$LRC : 23 
$ATOM : 22 
$STRK : 22 
$XRP : 18 
$UST : 17 
$USDT : 16 
$LTC : 16 
$CRO : 15 
$BCH : 14 
$NEXO : 14"
1515646232269664262,crypto2333,2022-04-17 10:59:55+00:00,@XRPjenna @JoelKatz Bottom sentence â€œsingle day eventâ€ straight from @federalreserve #fliptheswitch #xrp https://t.co/34MA1A6op0
1515646188313362438,Jacob52870124,2022-04-17 10:59:45+00:00,"YoBit AirDrop: Earn up to 4700 Fast Dollars daily: https://t.co/arZnBI0mLs
#yobit #bitcoin #xrp"
1515646079781728262,iamdarrenriccs,2022-04-17 10:59:19+00:00,@BloodOrCrypto As for the bloodline situation... I just hope XRP moons before I get erectile dysfunction
1515645847110828034,Nkryztian,2022-04-17 10:58:23+00:00,#XRP the standard ğŸ«¡
1515645733315227654,XRPLToken,2022-04-17 10:57:56+00:00,"@Daddyxrpl Please see: https://t.co/NRs8XCLbtb
You can still get #XRPLT at: https://t.co/z6AKhMBxLe
No financial advice, always do your own research."
1515645727807979525,Adropoftime,2022-04-17 10:57:55+00:00,"There are so many people that will only enter $WTK once it's on a bigger exchange. Very few people will bother dealing with fees to buy on lower ranked exchanges.  

I figure it's the exchange delaying, but @Anish_tweeets we are SO ready... Not enough to go around. :)

$ALGO $XRP"
1515645723945349123,Briens_chaos,2022-04-17 10:57:54+00:00,"@coinspotau I would buy XRP and watch it turn into $10K, or HBAR and stake it on Stader!"
1515645684417908739,Beulah036,2022-04-17 10:57:45+00:00,@jhon_nfts @MindblowonNFT Cool! can't wait! @capuchasnegras @AmbedkarSristi @XRP_OWL
1515645585231163392,btcnewsapp,2022-04-17 10:57:21+00:00,"XRP Price Reaching $1 Seems Unlikely, Until It Holds This Level - Coinpedia via BTCnews for iOS https://t.co/jFmEvc6srv"
1515645516075646976,freeusenotebook,2022-04-17 10:57:05+00:00,"Don't hesitate to buy, pick up when it falls, and the same goes for altcoinsğŸ“ˆ
#BTC #btc #ETH #eth #XRP #ltc #ADA #xec #bttc #TRX"
1515645510001979392,zimisss,2022-04-17 10:57:03+00:00,"Central Bank of Brazil Confirms It Will Run a Pilot Test for Its CBDC This Year Ripple CEO: SEC Lawsuit Over XRP 'Has Gone Exc...: Central Bank of Brazil Confirms It Will Run a Pilot Test for Its CBDC This Year 

 Ripple CEO: SEC Lawsuit Over XRP 'Hasâ€¦ https://t.co/u9CLHDWdh2 https://t.co/EWKeumgBj1"
1515645427328196613,MiTuoyor,2022-04-17 10:56:43+00:00,"@RMoonOfficial Let's rise to the moon together,
#XRP #AVAX #cryptocurrency 
@toju_kaka  @RAtakere @a_amoritseone"
1515645333992263685,SignalsExp,2022-04-17 10:56:21+00:00,"ğŸš¨[Volume alert ]  #Delta $XRPUSDT: 72,861.0 $XRP traded at vwap: 0.77912 in the last 10 seconds which is 13.14 stdevs from mean. Buys: 4,810.0 Sells: 68,051.0"
1515645314727821318,ArfvedAhmed,2022-04-17 10:56:17+00:00,@XRP_Avengers @RippleXrpie 500 will be enough? â˜ºï¸
1515645305064153093,CryptoCapflow,2022-04-17 10:56:14+00:00,"[Spot] By 2022-04-16 13:00 GMT, XRP total trading volume of 638,716,537XRP with a price change of 0.4% in last 24 hrs. #cryptocurrency #CryptoCapFlow $XRP https://t.co/ByCV8tz4mj"
1515645249443581957,Simonpilot456,2022-04-17 10:56:01+00:00,@CoinbaseSupport I really hope you will be the first major platform to relist #xrp when the SEC clearly fail at their attempt to bring down the crypto whole market. #xrp #cryptocurrency
1515645233953841155,rippler2013,2022-04-17 10:55:57+00:00,"@CryptoPilgrim1 @mrnguyen007 ETH Circulating supply 120,413,752 ETH. XRP Circulating supply 48,135,209,660 XRP"
1515645200806592514,TT20628127,2022-04-17 10:55:49+00:00,"@lv1hunter @TheNFT_World @AREX_XRP 
@t_3a 
@kiribyakuya1234 
@EVADOW11 
@OB96893278 
@pay_day25 
@Ai_RON_ 
@tsubuyakiniku29 
@K86Sugi 
@danboorudes 
@AREX_XRP 
@gibKfDtJbJcyTaZ 
@MariahHien

#!slay"
1515645184490590209,SlothTradingBot,2022-04-17 10:55:45+00:00,"ğŸ””Price updates for different #crypto assets that get price predictions on ğŸ¦¥SlothTrading:

#ETH: $3,042.15
#DOT: $18.64
#SOL: $102.25
#LUNA: $81.50
#XRP: $0.7783
#AVAX: $77.79

ğŸ’¥New predictions every hour"
1515645154404847621,CryptoverseDr,2022-04-17 10:55:38+00:00,"Happy Easter, my Frens !

#nfts #nftcommunity #nft #NFTshill #NFTGiveaway  #xrp #CleanNFTÂ    #BinanceNFT #cryptotrading #cryptoart #crypto #tezosÂ  #crofamÂ  #btcÂ  #ETH https://t.co/4M1zgmygcE"
1515645124885196802,jeffnieves214,2022-04-17 10:55:31+00:00,@TomMartinFrank1 @skipper_xrp @UniverseTwenty @XRPjenna @MackAttackXRP Hpppy Easter...sir https://t.co/roZzuHzBi1
1515645120695185410,toomadguy,2022-04-17 10:55:30+00:00,@AirdropBSC_Com Good stuff  #XRP #matic #XML @gavofyork @Viking_SOL
1515645065200340996,luizTia93003127,2022-04-17 10:55:17+00:00,"Cryptocurrency market today
#fegtoken 
@FEGburned 
#rbls
@rbls
#RACA 
#Bitcoin 
#GMTtoken 
#XRP 
#dogecoin 
#Astr
#catgirl 
#arv
#sb https://t.co/ALA2wCQrBU"
1515645005356056579,MarkHil23478855,2022-04-17 10:55:03+00:00,Just Waiting For #XRP To Release Me From My Day Job ğŸ˜‰ https://t.co/nysrUMK7lm
1515644781174566917,archie4445,2022-04-17 10:54:09+00:00,"{333} 
9+7+1= 17! 
Xrp Moon - the STAGE IS SET (55)

A PERFECT STORM 

Righteous God - Buddy 

Death of a king coming ğŸ”œ
Fauci is Fraud https://t.co/zkaiMqEXPE"
1515644763017560066,ClausLind2,2022-04-17 10:54:05+00:00,@BabaCugs Germatria prinscess princess= xrp adoption
1515644643773489159,Niko10766014,2022-04-17 10:53:37+00:00,"@JohnEDeaton1 What is the best outcome for retailers in this lawsuit? I mean longterm. I dont want to be smashed by another lawsuit 6months later while #XRP is pomping and the @SECGov thinks: ""now is a good time for another accusation"""
1515644597506129920,duplicated2210,2022-04-17 10:53:26+00:00,@CryptoBull2020 Are xrp deliberately making silly quotes? Amount morons i see daily quoting mad figures when it cant even do Â£1 is scary......what is the real agenda of these crooks
1515644579768373253,toomadguy,2022-04-17 10:53:21+00:00,@RMoonOfficial Good stuff #XRP #matic #XMR @myanTokenGeek @gavofyork @Phyrex_Ni
1515644563595186178,bigvern7074,2022-04-17 10:53:17+00:00,"@BitKanOfficial people putting trash on here 99% wonâ€™t be here in three years , but XRP will ğŸ’ªğŸ¼ğŸ’ªğŸ¼ğŸ’ªğŸ¼ğŸ’ªğŸ¼ğŸ’ªğŸ¼ğŸ’ªğŸ¼"
1515644555609128964,SalaroSalaro,2022-04-17 10:53:16+00:00,@Lequah213_ Xrp will not moon in 2022 but in 2023ğŸ˜‰
1515644542636204041,Krypto_Konnect,2022-04-17 10:53:12+00:00,"ğŸš¨ğŸš¨ @moneymindedapes  IS ALMOST TO 350 HOLDERS AND DROP 2 IS RIGHT AROUND THE CORNER... ARE YOU READY????
#XRP #BAYC #NFTs #CardanoNFTs #SolanaNFT 

ğŸ‘€ FIND THEM HERE:
https://t.co/tfs7G3zpBr https://t.co/zPN1PUXbaW"
1515644533748371457,ABDEVEL17,2022-04-17 10:53:10+00:00,"JUST IN: ğŸ‡´ğŸ‡² The Sultanate of Oman is set to incorporate real estate tokenization within its virtual asset regulation as well as license crypto exchanges.

#cryptocurrency #CryptoNews #Bitcoin #BTC $btc

$btc $eth $bnb $sol $ada $matic $doge $shib $cell $xrp $mana $sand $luna $htr"
1515644531965927426,SaaD_ALmutaiiry,2022-04-17 10:53:10+00:00,"People who holds #XRP are Pre-Millionaires
@XRP_Avengers"
1515644444099317763,KiDemangXRP,2022-04-17 10:52:49+00:00,"@sbnftgang @XRPrudioz @RomeroMaulana @imadjie22_XRP @inung_nurohman @Seno_wbw 
All setâ˜‘ï¸ https://t.co/xJ4LihhMJA"
1515644418732457984,Gunabytes,2022-04-17 10:52:43+00:00,@binance SOLOGENIC and XRP
1515644368794775553,XRPLToken,2022-04-17 10:52:31+00:00,"@Dreight3 Please see: https://t.co/NRs8XD2MkJ
You can still get #XRPLT at: https://t.co/z6AKhMjWmE
No financial advice, always do your own research."
1515644354563436544,yanny_kush,2022-04-17 10:52:28+00:00,@wakeupnas @_rover_crc_ I'm thinking 10 bucks xrp or more
1515644354525868038,betofiss_XRP,2022-04-17 10:52:28+00:00,@Leerzeit federal intervention now!!
1515644205657464832,XRP_SMACK_XLM,2022-04-17 10:51:52+00:00,"Bitcoin holds $40K over Easter but thin liquidity, 'capitulation' risk haunt traders #Bitcoin #ui via https://t.co/G0tvblBj26 https://t.co/HGwcYpmjUR"
1515644187659669505,TonyRuben16,2022-04-17 10:51:48+00:00,"@LimitedCurrency @daohien28 @VBoYn5 @ChauLai94 @MariahHien @Minhgifted @HoangNgoctweet @MjKhanh @xuanhiep1985qn @MyDaTran_xrp Time for a new #memecoin?

#Nfts with utilities 
Low price, ultralow marketcap

#memecoins
#PoorQuack #100xgem
#reducecryptotax"
1515644180512768004,Puppy4289,2022-04-17 10:51:46+00:00,@rovercrc Buy BTC ETH BNB XRP
1515644144848412673,TonyRuben16,2022-04-17 10:51:38+00:00,"@NnamdiOssy @LimitedCurrency @CiscoDaSilva @IfanKresna @gggbtc2021 @doctor_whho @Archidollarz @OlisExchange @olatunjiolumid3 @leichiz22 @walexy_nyc @daohien28 @VBoYn5 @ChauLai94 @MariahHien @Minhgifted @HoangNgoctweet @MjKhanh @xuanhiep1985qn @MyDaTran_xrp Time for a new #memecoin?

#Nfts with utilities 
Low price, ultralow marketcap

#memecoins
#PoorQuack #100xgem
#reducecryptotax https://t.co/ud7iqeQcAa"
1515643935083102208,xrp_go589,2022-04-17 10:50:48+00:00,@_CryptoArsenal @john44591687 @PeterVas6 Lets accept the fact that XRP is STARTING TO GO MAINSTREAM you guys sound like little girls COMPLAINING COMPLAINING COMPLAINING ğŸ˜‚ğŸ˜‚ who cares if the writer got something wrong .. THE FACT IS XRP IS GOING MAINSTREAM
1515643867558662150,Boxieyapderama,2022-04-17 10:50:31+00:00,"@FractalMedia3 XRP will be backed by gold in order to be a stable reserve global reserve currency
@daniel_derama @Cessyderama @mateo101214 @Leandc25 @denthinker"
1515643853663088641,Mangakiko12,2022-04-17 10:50:28+00:00,SEC Files Another Extension in Ripple Case Leaving XRP to TreadÂ Water https://t.co/moSzvkR11z
1515643790844960773,bickybiglicks,2022-04-17 10:50:13+00:00,@real_vijay I believe @XRP @Ripple  could free up $27trillon
1515643733475274754,GursoydanNadire,2022-04-17 10:50:00+00:00,@XRP_Monty @IooP_rM311_7211 The date Freddy Mercury died.
1515643715666288645,johnaldinioh89,2022-04-17 10:49:55+00:00,When you zoom out and realize that $xrp and pretty much #crypto as a whole has been in a massive uptrend since it's inception. It's all about perspective and how much time you hodl ğŸ”¥ğŸ”¥ğŸ”¥ğŸ”¥ #xrp #xrpcommunity #xrpl #xrparmy https://t.co/m4WjFMszIF
1515643666374742016,betofiss_XRP,2022-04-17 10:49:44+00:00,@Captain14403150 @joncoopertweets federal intervention now!!
1515643648750325760,GibbyDeenLINY,2022-04-17 10:49:39+00:00,Happy Easter to my all XRP /XLM family. https://t.co/EznwFINNLO
1515643623735447555,kingsahvage0,2022-04-17 10:49:33+00:00,"@Laura__crypto I am holding $DOT $XRP $ADA and outside your list #PLASTIKS. I have high hopes for these gems to yield 10X Profit before the 4th quarter of the year.
@Plastiks_io &amp; #CELO will use #NFTs to encourage climate action so that people can live in a plastic free polluted environment. https://t.co/Lun7R1cjHN"
1515643616886403073,KennanUriah,2022-04-17 10:49:32+00:00,RL_XRP xrSpit ProjectXNodes Answer could be within the next 24hr mateSo just bear with me please ğŸ˜Š
1515643600004075522,Hustle_Invest,2022-04-17 10:49:28+00:00,@robvsnature @coinbureau Not necessarily. Ripple Net is true value behind XRP. The XRPL is only meant to facilitate the bridging of different assets and it can still do that well. Just have to wait and see what happens after the SEC case is over. So far looking really favourable for ripple.
1515643493556838400,Eric43803074,2022-04-17 10:49:02+00:00,@easyeight08 Believe you soon will regret! All banks soon gonna use xrp!
1515643491916918784,Scared_FaZe,2022-04-17 10:49:02+00:00,"@cryptoworld202 I don't think that can happen that would be crazy my net worth is big
I think some coins I am investing can easy double their networth like $XRP and $INR and probably $MATIC but all of my portoflio to double is hard..."
1515643316905332736,ShaneHa86180328,2022-04-17 10:48:20+00:00,@TheMoonCarl Oh alright then ADA and XRP then LINK. My largest asset holding is my property and land ğŸ˜€
1515643261297172484,PrimaEmily3,2022-04-17 10:48:07+00:00,"#Cryptocrash#Crypto market cap shrinks to $1.83 trillion. #Bitcoin, #ETH, #BNB, #XRP, #Solana, #ADA, #Terra #LUNAâ€¦"
1515643255563595777,mrjungun,2022-04-17 10:48:06+00:00,@Meta_UFO #BNBChain #XRP #LUNA great project @wonniepapa
1515643211275976708,EJS888888,2022-04-17 10:47:55+00:00,"@digitalassetbuy Why is he not in jail or sued personally by #XRP they should invest him and get a PI follow him and his family step by step, find proof https://t.co/uaq8JxBVVW"
1515643178585624577,mogulx_,2022-04-17 10:47:47+00:00,@vajolleratzii @XRP_OWL We need a country music Jesus to come save us all! https://t.co/6MXN3QitRc
1515643053444415495,xrpupdate1,2022-04-17 10:47:17+00:00,@xrpstik @XRP_Airdrops Done
1515642989745344512,XRPsurfNinja,2022-04-17 10:47:02+00:00,XRP Surf Ninja News. The New Yield App Referral Program Offers a Huge Bonus - ZyCrypto https://t.co/K30D95HNn6
1515642959038984199,tirolerurlaub,2022-04-17 10:46:55+00:00,@MarioTe95398735 What's your target for xrp this year?
1515642901488758784,crypto_whispers,2022-04-17 10:46:41+00:00,"Top 5 #crypto prices with 24h change:

#BTC #ETH #BNB #XRP #SOL 

ğŸ”´ $BTC $40380.6 (-0.06%)
ğŸ”´ $ETH $3038.49 (-0.04%)
ğŸ”´ $BNB $414.1 (-0.34%)
ğŸŸ¢ $XRP $0.7776 (0.31%)
ğŸŸ¢ $SOL $102.07 (0.06%)

Do you #hodl any of these coins?"
1515642888499216384,Sam__DeFi,2022-04-17 10:46:38+00:00,"@Cameronfous @bidcoindad Yet it still didn't even break the ATH from 2018. You have to be blind to think $XRP has been performing well in past years, every XRP holder that I'm acquainted with deeply regrets holding it throughout the bearmarket and not accumulating $ETH, $BTC in stead."
1515642883981729796,theta_xrp,2022-04-17 10:46:37+00:00,@PradeepMariyan1 My prediction is that XRP will be $22 + after 22nd November 2022
1515642850184249345,SignalsExp,2022-04-17 10:46:29+00:00,"[Volume alert ğŸš€]  #Delta $XRPUSDT: 61,783.0 $XRP traded at vwap: 0.77710 in the last 10 seconds which is 12.66 stdevs from mean. Buys: 61,783.0 Sells: 0.0"
1515642832286990336,TraderWisdom,2022-04-17 10:46:25+00:00,"#XRP - short alert ğŸ’©ğŸ’©

Exchange     : FTX
Market         : $XRP - $PERP
Volume        : $159,363
Price            : $0.77792

$BTC #BTC $ETH #ETH https://t.co/nWWruc0YOJ"
1515642777694261249,Nazangge,2022-04-17 10:46:12+00:00,"@xSimpsonXRP @SwisstechToken Done ğŸ¤âœ…
#SwissTechToken 
@cryptomaniac152  @ra_erLza  @Whengskei76  @16vino16  @XRP_nymph94 https://t.co/2GMTVSmhRG"
1515642744781389826,cryptobubbles24,2022-04-17 10:46:04+00:00,"The global #crypto market cap today is $1.98T, a 0.32% change in the last 24h.
Total trading volume in the last 24h is at $59.3B.
#BTC dominance is at 38.86% and #ETH - 18.52%.

17.04.2022 10:43:55 (UTC)

#DeFi #NFT #BSC #Tether #AVAX #XRP #TRX #Solana https://t.co/qwcZTCkOAF"
1515642706453839872,CurrencyNews,2022-04-17 10:45:55+00:00,Tony Hawk's Latest NFTs to Come With Signed Physical Skateboards â€“ Bitcoin News - Bitcoin News https://t.co/dfjoRGPChj #BitcoinNews #Ethereum #BlockchainNews #BCH #QASH #CryptoCurrency #XRP #BLockchain #Cryptocurrencynews #BTC #CryptoNews #ETH
1515642671716605952,SlothTradingBot,2022-04-17 10:45:46+00:00,"ğŸ””Price updates for different #crypto assets that get price predictions on ğŸ¦¥SlothTrading:

#ETH: $3,039.58
#DOT: $18.63
#SOL: $102.07
#LUNA: $81.37
#XRP: $0.7788
#AVAX: $77.61

ğŸ’¥New predictions every hour"
1515642615269834752,Arvin56826091,2022-04-17 10:45:33+00:00,Ripple (XRP (https://t.co/lTlmlBLPg8)) CEO Brad Garlinghouse spoke during Paris Blockchain Week on April 14th that the SEC is working on the case and Indicates that it has a good chance of passing.
1515642559569313793,XRPLToken,2022-04-17 10:45:20+00:00,"@Leocrypto24 Please see: https://t.co/NRs8XCLbtb
You can still get #XRPLT at: https://t.co/z6AKhMBxLe
No financial advice, always do your own research."
1515642520356941825,Linda21169411,2022-04-17 10:45:10+00:00,Ripple (XRP (https://t.co/DLSTmaZR2G)) CEO Brad Garlinghouse spoke during Paris Blockchain Week on April 14th that the SEC is working on the case and Indicates that it has a good chance of passing.
1515642469987270660,david_sissons,2022-04-17 10:44:58+00:00,@cosmichodler But they promised me 10/13 XRP this year bro ğŸ˜…ğŸ“ˆ
1515642454480936961,raypta,2022-04-17 10:44:55+00:00,"#btcflower and the #FPD will turn #icp fudders to true believers.
#xrp #btc #solana #Ethereum"
1515642453394698241,Eng1103eng,2022-04-17 10:44:54+00:00,"Don't forget the biggest investors and Marlin's partners
$POND Big pump coming soon with some big news to come.
Note: This is not a buy or sell advice.
$BTC $ETH $BNB $SOL $MATIC $ROSE $LUNA $AVAX $NEAR $LINK $TRX $DOGE $SHIBA $DATA $KEY $GMT $XRP $ZIL $ICP $LTO https://t.co/8sLR3F0rxh"
1515642424387076104,Anna46108008,2022-04-17 10:44:47+00:00,Ripple (XRP (https://t.co/WZqgB80LuS)) CEO Brad Garlinghouse spoke during Paris Blockchain Week on April 14th that the SEC is working on the case and Indicates that it has a good chance of passing.
1515642424219123715,XRP_SMACK_XLM,2022-04-17 10:44:47+00:00,US Affiliates Of French IoT Co. File For Ch. 7 In Delaware #Sigfox #covid via https://t.co/G0tvblBj26 https://t.co/D8kfOPQ1kL
1515642379017105410,Krypto_Konnect,2022-04-17 10:44:37+00:00,"ğŸ“£ I am down to my last #doodle Baby. I had another find a hole last night. 

ğŸ‘€ You can find #0020  Here:  ONLY 39 #XRP

https://t.co/oPRfMHFDbi

#NFT #SOLOGENIC #MONEYMINDEDAPRES #ASTRO  #JPEG #CardanoNFTs https://t.co/LhCR9UDDee"
1515642367277080576,CryptoTeleportr,2022-04-17 10:44:34+00:00,Load up on this next candle ğŸ˜ˆğŸš€ğŸ“ˆğŸ§™ $ORCA #buythedip $btc $eth $xrp $doge $icp $ect $snx $sol $mln $nkn $storj $fil $mana $enj $ogn $bal $nmr $fet $ach $amp $ankr $zrx $ren $lrc $skl $celo $shib $spell $bounce $jasmy $xyo $iotx $req $sand $crpt
1515642331399081985,xrp_jb,2022-04-17 10:44:25+00:00,"@Erdayastronaut @elonmusk Cool, respect @elonmusk  what he has created."
1515642305990082561,OpinionThinking,2022-04-17 10:44:19+00:00,"@xryanxhx @Xrp_Goat @xrpgord 

I just love spikes nft tho https://t.co/TBnCsIqoLD https://t.co/xyCLVqmABU"
1515642242110787592,Joelscat1,2022-04-17 10:44:04+00:00,"Be wary of the #cryptobulls #cryptocurrency we have another leg down, #Bitcoin #xrp"
1515642148737400833,sssinh75,2022-04-17 10:43:42+00:00,@florenc89622516 Is XRP on that plan? I read your article with emotion. https://t.co/8OTchHsjGF
1515642138763038726,ShibSpaceXInu,2022-04-17 10:43:39+00:00,"ğŸ”´ 2013 You missed $BTC
ğŸ”´ 2014 You missed $DOGE
ğŸ”´ 2015 You missed $XRP
ğŸ”´ 2016 You missed $ETH
ğŸ”´ 2017 You missed $ADA
ğŸ”´ 2018 You missed $BNB
ğŸ”´ 2019 You missed $LINK
ğŸ”´ 2020 You missed $DOT
ğŸ”´ 2021 You missed $SHIB
ğŸŸ¢ In 2022, don't miss $_____

Be confident to fill $SSI ğŸ˜"
1515641967727816708,alexzbs1,2022-04-17 10:42:59+00:00,"YoBit Farming: Earn up to 427% APY: https://t.co/AQHy5kdKxN
#yobit #crypto #XRP https://t.co/1vUmKKgRqX"
1515641964351303687,CryptoTeleportr,2022-04-17 10:42:58+00:00,"$ORCA small MC, oversold, thin orderbook, can get sent to 2.40 with volume rn ;) #buythedip $btc $eth $xrp $doge $icp $ect $snx $sol $mln $nkn $storj $fil $mana $enj $ogn $bal $nmr $fet $ach $amp $ankr $zrx $ren $lrc $skl $celo $shib $spell $bounce $jasmy $xyo $iotx $req $crpt"
1515641922613821440,YouthIndDesign,2022-04-17 10:42:48+00:00,@Var_XRP ğŸ‘ŠğŸ» glad you like it
1515641919170392067,XRP_Ponomo,2022-04-17 10:42:47+00:00,@AlexCobb_ @YouTube I swear!... I hope and pray that some how someone hacks your nano and steals all your xrp right before it moons! F U! Boooooom!
1515641678899851268,TATrader_Alan,2022-04-17 10:41:50+00:00,"Buildup formation in $XRP

#XRP #BTC #Crypto #cryptotrade #cryptocurrency 
#TA #TechnicalAnalysis #chartsetup #chart #ChartPattern #priceaction #trading 
#TradeWithTardigrade https://t.co/sPBHRfbBbH"
1515641542760837120,CryptoTeleportr,2022-04-17 10:41:17+00:00,#LUNA #robinhood $matic $comp $Plu #buythedip $btc $eth $doge $shib $avax $sol $ORN $DESO #cryptotwitter $alcx $dnt $lqty $bounce $ICHI $XRP $ZIL $near $gmm $stg $gmt $WOO $avt https://t.co/HTSOO7vzhF
1515641533017468937,kucoin003,2022-04-17 10:41:15+00:00,"Congratulations on winning Twitter, you won 3000USDT, please see the fixed tweet for details.
@JWOnePropainter
@jwongsy
@JwoodBroker
@jWoodlyCharles
@Jworld_Crypto
@Jworldleather
@jwpark1982
@jwpsimmons
@JWrebelion
@jwribble
@JWS_crypto
@jwsmitty55
@Jwt_Xrp
@jwta77
@JwtradeC"
1515641517150416901,lexipstudio_,2022-04-17 10:41:11+00:00,ETH needs higher prices to distract to survive long enough to maybe have utility one day (ETH2). That's why all stakeholders &amp; dependents like JPMorgan invest as much as they can. XRP has been around for a decade. Everyone knows its technology will survive because of its utility
1515641515476983810,SylvainBrideau1,2022-04-17 10:41:11+00:00,@binance 4 no doubt #XRP
1515641503586168834,LitoDizonjr1,2022-04-17 10:41:08+00:00,@TomMartinFrank1 @skipper_xrp @UniverseTwenty @XRPjenna @MackAttackXRP Lets gooo ğŸš€ğŸš€ğŸš€
1515641377249710080,Eist28,2022-04-17 10:40:38+00:00,@XXXRP10 @arnillastudios @ArniesNft @XZillasXRPL @SuperEagleCoin @XRPLPUNKS @xAliensNFT @realSologenic @JoelKatz And the price would be 0.0001 xrp of 1 atmt ?
1515641303886934018,MrMufleh,2022-04-17 10:40:20+00:00,"$5,000 XRP, HBAR &amp; CRYPTO PORTFOLIO!! ğŸ¤‘ ($5,000 IN 5 COINS) https://t.co/yBF7MKwC0w via @YouTube"
1515641299352711171,Camille61668811,2022-04-17 10:40:19+00:00,@TomMartinFrank1 @skipper_xrp @UniverseTwenty @XRPjenna @MackAttackXRP Happy Easter sunday â˜ºï¸ godbless ;)
1515641266062696451,atleastushould,2022-04-17 10:40:11+00:00,"@scottbenevans @coinbureau Never fully understood why Dash fell so deeply. But yes, XRP probably a candidate to fall. Or FTM, they seem to struggle to bounce back"
1515641142406103041,rfrois,2022-04-17 10:39:42+00:00,"@CryptoMichNL Back in 2014 and 2017/ beginning of 2018 there were no shorts on XRP available on any of the Exchanges. I believe weâ€™ll see growth, not like the ones in 14 and 17/18. Also, it will much more dangerous.."
1515641096755372036,metamalibu,2022-04-17 10:39:31+00:00,@rovercrc xrp and xlm
1515641055206645767,MaksatMe,2022-04-17 10:39:21+00:00,"YoBit Farming: Earn up to 427% APY: https://t.co/POqThRDAK5
#yobit #xrp #airdrop"
1515640962789302278,mln_token,2022-04-17 10:38:59+00:00,"ğŸš¨IMPORTANT ANNOUNCEMENTğŸš¨

If you participated in the MLN Staking program, you can confirm your recievable amount at https://t.co/RD5FoJomEb now.

If there are any issues, contact us within the next 48 hours.

Treat as urgent.
Thank youâ¤ï¸ğŸš€

#MLN #NET #NFT #XRPL #XRP https://t.co/FrMy90zYkV"
1515640906455601152,TomMartinFrank1,2022-04-17 10:38:46+00:00,"ğŸ˜TOMMY WISHING HAPPY EASTER ğŸ£ ğŸ‡ 

#xTREME - BACKED BY THE #XRPL 

YOUR CHANGE TO BE PART OF OUR PASSIV INCOME AND LOYALTY SYSTEM ğŸ’µğŸ’µğŸ’ğŸ’ğŸ’

JOIN HERE: 
https://t.co/4cyZ4TK6tK

â¤ï¸LIKE AND RETWEETâ¤ï¸
ğŸ’TAG YOUR FRIENDSğŸ’

@skipper_xrp @UniverseTwenty @XRPjenna @MackAttackXRP https://t.co/gaOSLnterC"
1515640883349278721,BlazeSignals,2022-04-17 10:38:40+00:00,"Support us on patreon! https://t.co/ftiSeylK1m
$ETH $SOL $BTC $ADA $XRP $COCOS $BNB $DOT $DOGE $SHIB #crypto #cryptocurrency #cryptoanalysis https://t.co/QHOMawn4zv"
1515640878228189185,michael26310351,2022-04-17 10:38:39+00:00,@mihran2002 @XRP_Airdrops me almost 2 days already . didn't get anything yet.
1515640843243339776,raypta,2022-04-17 10:38:30+00:00,"One unbeliever Said back then that buying a triple diamonds #btcflower for 300 $icp was too expensive. You won't be able to buy it now even for 600 $icpğŸ˜‚ğŸ˜‚ğŸ˜‚. Keep playing yourself. 
#7figuresNFT #icp #btc #Solana #xrp"
1515640784455880709,TimR614,2022-04-17 10:38:16+00:00,Happy Easter to everyone in all #crypto #XRPArmy #xrp https://t.co/GmGUvstyTx
1515640680663633923,XRPLToken,2022-04-17 10:37:52+00:00,"@Papichuli244 Please see: https://t.co/NRs8XCLbtb
You can still get #XRPLT at: https://t.co/z6AKhMBxLe
No financial advice, always do your own research."
1515640667032236035,_Crypto_Barbie,2022-04-17 10:37:48+00:00,ğŸ”œ #XRP victory ğŸ†ğŸ¥‡ğŸ¤´ğŸ»
1515640583859195905,Jennife74881857,2022-04-17 10:37:29+00:00,"#Cryptocrash#Crypto market cap shrinks to $1.83 trillion. #Bitcoin, #ETH, #BNB, #XRP, #Solana, #ADA, #Terra #LUNAâ€¦"
1515640580637876229,VibezArabian,2022-04-17 10:37:28+00:00,"Warren Buffett explains why America will PREVAIL!!
The United States are a young country and endured already so much that some inflation and a pandemic will not stop it!
https://t.co/LVRo74Bka9
#WarrenBuffett #MONEY #XRP #Ethereum #XRPCommunity #wallstreetbets #ElonMusk #YouTuber"
1515640539089375234,cryptomaniac152,2022-04-17 10:37:18+00:00,@Xrp_Alj @xrpstik @XRPNews_ @Nazangge @Rajaa_Ginting @Taylor979797 @GilderAlovera1 @mister_promise  good collabâ¤ï¸ all doneâœ…âœ…
1515640497473486853,RomanticCat69,2022-04-17 10:37:08+00:00,"@LyndonFernand13 @skipper_xrp @xrpl_xtreme @xtreme_asia @IglesiaJulios @eiSelleee @Tholits_022484 @aiza_tapangan @EufracioFroi @mhine051816 @Bhobtiger23 @Chelayyy25 @Whindaza13 @Jessic04677499 @jerickpsalinas @ruelruel04 @luck27793 @LADSxxxx @Rajaa_Ginting @PhXrpl @wixx_kerbie @GabUndertaker @CJPromotes_ â™¡Early Early Korean Coin ANKO Coin ANKO Airdrop Event

 â™¡ As soon as you sign up, you will receive 1 million + 10,000 pieces and start.  Collect a lot in the beginning.

 â™¡Join link: https://t.co/B4m20OZNAT

 â™¡Check the site and sign up."
1515640494075883524,Gwenus_NFT,2022-04-17 10:37:07+00:00,"ğŸ£Easter Games Begin!ğŸ£
Find it and win it!ğŸ’¥

A winner will be drawn among the correct answers ğŸ€
GO TO DISCORD for participation 

https://t.co/smnw0fEB8I

https://t.co/OXt6f113bn

#NFTGiveaway 
#NFTGame 
#XRPCommunity 
#XRPLcommunity 
#XRP 
#XRPArmy https://t.co/HalWJdNZ1d"
1515640433158025219,Bitetheriumm,2022-04-17 10:36:53+00:00,As soon as #Ripple wins against the SEC all money from #BitcoinÂ  and #Ethereum will flow into #XRP!
1515640262877499394,lHexicanl,2022-04-17 10:36:12+00:00,Xrp will reach $100. Pump starting after the case with Sec ends. I have confirmed news about xrp winning the case already and price will be much higher in the future but I can say pulsex pulsechain and $hex will be more profitable than $xrp
1515640261371576320,Kaliyas2,2022-04-17 10:36:12+00:00,"Crypto traders Indicator 12H $xrp Buy Signal Profit Increased to 105.15%
https://t.co/J6kcue0CWD
DM Us for Access to crypto traders 

$SOL $SRM $RAY $RUNE $XRP $XLM $ONE $ZEC $MATIC $NEAR https://t.co/68sj49el52"
1515640214743621639,XrpZaragoza,2022-04-17 10:36:01+00:00,@perryjp Happy Easter to you too Perry. Have a lovely day. ğŸ˜‰ğŸ¥‚ğŸ‘ #XRP
1515640200889712640,YvetteLew4,2022-04-17 10:35:57+00:00,ğŸ¥³Come Party with us at Live!4-15-22 6-9pm PSTğŸ’ Win 333 $XRPğŸ’ &amp;amp; Over 60 NFTs!ğŸ”¥THE XRP NFT BLOCK PARTY!1ï¸âƒ£Follow LFGOlâ€¦
1515640182233391107,NikhithVaman,2022-04-17 10:35:53+00:00,"@rovercrc I will buy xrp. ,dot, ada"
1515640154790244358,SlothTradingBot,2022-04-17 10:35:46+00:00,"ğŸ””Price updates for different #crypto assets that get price predictions on ğŸ¦¥SlothTrading:

#ETH: $3,043.29
#DOT: $18.69
#SOL: $102.18
#LUNA: $81.51
#XRP: $0.7804
#AVAX: $77.84

ğŸ’¥New predictions every hour"
1515640132459954180,RomeroMaulana,2022-04-17 10:35:41+00:00,"@DecNFT @DekuNFT2 @XRPrudioz @imadjie22_XRP @KiDemangXRP @Seno_wbw @inung_nurohman 
All task doneâ˜‘ï¸"
1515640092936663040,bitcoinelonmusk,2022-04-17 10:35:32+00:00,"Trending Searches by CoinGecko 
17 April 2022

https://t.co/6nq07pw6Zh

#bitcoin #crypto #btc #ethereum #xrp #cardano #chainlink #dogecoin #altcoins #nft #defi #coinbase #binance #maticcoin #bitcoinprice #cryptoprice #polygon #matic #stocks #coin #gold #marketcap #stablecoin https://t.co/nsmxWKDzc7"
1515639955044900874,dylthinkmove,2022-04-17 10:34:59+00:00,@Mel_Senechal I'm open minded. How is Xrp solving the financial shortfalls we currently see in our economy? I'm talking about shortfalls that btc hasn't already began to patch? I am keen to know.
1515639911507968005,longcrypto,2022-04-17 10:34:48+00:00,@WatcherGuru So you deliberately leave out #XRP #XRPCommunity - ?!?!?
1515639694746345475,xrpspeculation,2022-04-17 10:33:57+00:00,Ripple CEO: SEC Lawsuit Over XRP 'Has Gone Exceedingly Well' https://t.co/VaMWsJwAht via @BTCTN
1515639680431099908,Kaliyas2,2022-04-17 10:33:53+00:00,"MANY THANKS TO CRYPTO TRADERS FOR AN INCREDIBLE CALL EARLIER. 
https://t.co/J6kcue0CWD
$XRP $XTZ $QNT $LINK $ADA $ALGO $HBAR $ICX $IOTA $POLY $dot https://t.co/ll6fEmakVR"
1515639608159002624,RobertLHarpool,2022-04-17 10:33:36+00:00,U don't have to read very far into this garbage  before U start scratching ur head. Is it 2022 or 2012? Such uninformed ignorance &amp; W/O a 'Comments Section'! WTH happened to @Forbes? Anyone at @Ripple wanna set them straight? #XRPCommunity  #XRPL #XRP https://t.co/c6GdvbTevT
1515639595978874883,zanesmith331,2022-04-17 10:33:33+00:00,@CryptoWhale Let me shill my XRP bag so I can dump on my followers. https://t.co/rXpynrrvCY
1515639574034149378,Kaliyas2,2022-04-17 10:33:28+00:00,"Crypto traders are the best 
https://t.co/J6kcue0CWD
$XRP $QNT $FLR $HBAR $VET $ALGO $XlM $POLY $XTZ $XTZ $band https://t.co/Q4oQVjnaWY"
1515639538818994185,sig_new,2022-04-17 10:33:19+00:00,@robcarlson20 @traveler002 @Una_Alta_Volta @LuisRC44 @2020_Vision_ @jonny5bear @kennysm91297483 @Quin4Trump @Larryputt @Conservgurl28 @PatriotsVsLies @cutiemcbeal01 @MarilynLavala @kcinor @FLMrs4TRUMP @Bob30716413 @nightwarrior603 @Americanism37 @VRadke @LaughTrackItsT1 @MysticArrow8 @1838FreemanRob @JoanneLuvsGod @CanYouHearMeN15 @PMaryTimo1 @acs_xrp @ernestleenot @Rosa57320797 @HarryMi47749146 @Lauria1960 @Tom_Neverwinter @KesselMatty @AdorablePups5 @nYywydD8C1pg6oc @ICanPlainlySee @jesster00420 @ChiarelloRob @ryan07_jack @Potomacbeat @DamonCross11 @Atticus58113746 @NoMoreBlue1 @gmanpass @JimEaglePatriot @satansradio666 @jddoug @Moxystar2 @MyQueenRedVenus @WhalenMona @FaleroJr You're not American dummy
1515639476831334406,vijayrockzer,2022-04-17 10:33:05+00:00,"Ripple CEO: SEC Lawsuit Over XRP â€˜Has Gone Exceedingly Wellâ€™ #bitcoin #binance #btc #crypto #news #covid #SHIBARMY 
#CryptocurrencyNews
ğŸ”¥Joining the Mega Token Carnival!
https://t.co/BGBie19iM5
https://t.co/ubR3haTWax"
1515639465758408704,CoinoMonitor,2022-04-17 10:33:02+00:00,"Top12 from big coins: #XMR 1.05%, #XRP 0.72%, #BTC 0.23%, #XLM 0.15%, #USDT 0.04%, #LTC -0.04%, #ETH -0.27%, #EOS -0.35%, #TRX -0.37%, #XRP -0.38%, #BSV -0.38%, #BNB -0.48%"
1515639441825619972,raypta,2022-04-17 10:32:56+00:00,"You missed #btc at $50, $100, $1000, $7000, $20000 and now you can't buy.... You also missed #btcflower at $300, $500, $700, $2000, $4000.... the good is that you can still buyğŸ¤©ğŸ¤©. Wait till @ORIGYNTech #nft marketplace open to see magicğŸ¤©ğŸ¤©
#7figuresNFT #icp #sol #xrp"
1515639421349265409,Kucoincm891,2022-04-17 10:32:51+00:00,"Congratulations on winning Twitter, you won 3000USDT, please see the fixed tweet for details.
@MondolSieam
@MondolSrabon
@MondolZehad
@Mondosiomiami
@mondow0608
@Mondozmill2
@Mondragon_XRP
@MondSarisa
@mondua7
@MondulSabbir
@mondusondu
@mondy_gaming
@MoneaMarlisha1
@Monear6655"
1515639419885309952,xrp_Allthamoney,2022-04-17 10:32:51+00:00,"@JoelKatz Orphic egg,cosmic egg, new world"
1515639412171829251,DevTurret,2022-04-17 10:32:49+00:00,@Bitforcoinz And this will not effect the value of XRP whats so ever...
1515639304806182915,chrisgoxpel,2022-04-17 10:32:24+00:00,@web3_coin @CoinMarketCap #XRP #SUSHI #TRU@soronnadi gift
1515639241421869057,VibezArabian,2022-04-17 10:32:09+00:00,"A Lot of promises of Charlatans and gurus?? You want to become rich? Just watch this video below and you will see what it takes and what is the best way!!
#MONEY #cryptocurrency #WarrenBuffett #shiba #XRP #XRPArmy #investing #Stocks #shiba #Ethereum   #Coinbase #Crypto"
1515639181816451079,KiDemangXRP,2022-04-17 10:31:54+00:00,"@SolSammi @FinestSol @imadjie22_XRP @RomeroMaulana 
@inung_nurohman 
Notis ğŸ””onâ˜‘ï¸"
1515639026715271173,Chacha99963973,2022-04-17 10:31:17+00:00,"@Xrp_Alj @JaneLaneq @xrpstik @XRPNews_ @Yonix48831137 
@GinaArguelles4 
@ObildoRicky 
@supeernam21 
@kalembang01 
Done follow all ğŸ¥°â¤ï¸"
1515639026648170499,KiDemangXRP,2022-04-17 10:31:17+00:00,"@NFTDyIan @imadjie22_XRP @XRPrudioz @aikmanxrp 
Notis ONâ˜‘ï¸"
1515639012488187905,OrwellsRevenge,2022-04-17 10:31:14+00:00,Our Republic might not survive what's coming in the next three years all because billionaires helped to steal the election now they're trying to stop the ones who are trying to fix things. XRP could fix the financial system : Sue them! Elon could fix Twitter : He Must be stopped! https://t.co/eT3NunrMTr
1515638940115644419,CrispyHodler,2022-04-17 10:30:57+00:00,"@coinbureau So in the same tread, I read that XRP will vanish and that XRP will be #1... That's normal on Twitter I guess! ğŸ˜œ"
1515638903943962634,coinpricenow,2022-04-17 10:30:48+00:00,"1 Bitcoin ( #BTC )
Dollar: 40,441.97$ 

1 Bitcoin Cash ( #BCH )
Dollar: 3,46.22$ 

1 Ethereum ( #ETH )
Dollar: 3,044.16$ 

1 Ripple ( #XRP )
Dollar: 0.78024$ 

Date: 17 Apr 2022 10:30

#Bitcoin #Ethereum #cryptocurrency #crypto #altcoin #Blockchain #Ripple"
1515638814286311425,KiDemangXRP,2022-04-17 10:30:27+00:00,"@voidedsol @imadjie22_XRP @RomeroMaulana 
@Seno_wbw 
Notis ONâ˜‘ï¸"
1515638796485861384,PortalsXRPL,2022-04-17 10:30:22+00:00,Any other artists out there doing photo manipulation? I would love to follow you and check out your workğŸ‘€ #XRP #NFTs ğŸ¤™ğŸ¼ https://t.co/F0ch50J2Aj
1515638723161071616,FTXSpotFutureD1,2022-04-17 10:30:05+00:00,"[Future-0624]/[Spot] Divergence%

â–  Volume Top3
BTC: 0.4% (22M)
ETH: 0.3% (10M)
LTC: 0.7% (2M)

â–  Divergence Top5 (&gt;0.1M)
LTC: 0.7% (1.7M)
XRP: 0.7% (0.4M)
LINK: 0.5% (0.5M)
BTC: 0.4% (22.5M)
DOGE: 0.4% (0.2M)"
1515638607830298629,robvsnature,2022-04-17 10:29:37+00:00,@38Tayyab @scottbenevans @coinbureau XRP will probably cling on for a while....cardano is pure hopium though.
1515638498635755524,lennyRay_La,2022-04-17 10:29:11+00:00,@XRPjenna @JoelKatz I think it means anyone who holds a good bit of xrp will be financially stable for the future and the rest are financially screwed
1515638482160345090,2manyusernayms,2022-04-17 10:29:08+00:00,"@cosmichodler @XRP_Avengers yeh haha. man that mofo so loaded lol.
all the best to him ğŸ¤£"
1515638481980116995,ModyOreo,2022-04-17 10:29:07+00:00,"@PradeepMariyan1 I had a dream that Ukraine was hit by a N.U.K.E, this attack was done by the Ukrainian Neo-Nazi military Azov, then blamed on Russia. The resulting EMP wave wiped out satellites. This red flag causes total stop to all trade, food supply very limited, mass deaths high crime $xrp"
1515638429299531778,ClashOfCoinsx0,2022-04-17 10:28:55+00:00,"@MartiniGuyYT Interesting, some people say it will go down today!
I believe you more you are my favorite youtuber
What is your opinion on $XRP today I plan to get it a ton
but I am worried $INR will release soon and I like it more so I don't wanna invest too much in one project"
1515638371854520321,bitgertPro,2022-04-17 10:28:41+00:00,"You're a #BRISE holder? Then i will follow youğŸ”¥ğŸ”¥

#Brise to the MOON ğŸ”¥ 

#BTC #BNB #SHIB #SOL #Ethereum #ADA #Avalanche #Bitgert #BRC20 #KuCoin #altcoins #Altseason2022 #FTM #LINK #LUNA #CRO #MATIC #XRP #Binance #Coinbase #Huobiglobal https://t.co/bzZjhU8oYz"
1515638330284822530,Xrooge,2022-04-17 10:28:31+00:00,"@stevewilldoit #XRDOGE #XRPL #XRP
Hi Steve! Get on board with @XRdoge
The first memecoin and with utility on the XRPL. These shades look ğŸ”¥ on you bro! Have a blessed day! ğŸ™ https://t.co/HsswVhyB1T"
1515638300169879554,futuristic_03,2022-04-17 10:28:24+00:00,"@XZillasXRPL @ArniesNft @arnillastudios @XummerDrop My fav crypto is:
XRP"
1515638211187519488,Btc_Hut,2022-04-17 10:28:03+00:00,@TheMoonCarl I'm down into undervalued coins. I currently hold XRP and $LOX are my most recent bagging. @LoxNetwork is still developing its AR based metaverse and is pretty undervalued at this point. âœ…ï¸ğŸ‘ğŸ¼
1515638189100314626,GiftSoronnadi,2022-04-17 10:27:58+00:00,@web3_coin @CoinMarketCap Nice #XRP #SUSHI #TRU @GiftSoronnadi
1515638098201296897,vnhflow,2022-04-17 10:27:36+00:00,"$MIT $LUNA $MATIC $SOL $AVAX $nym $BNB $SOLID $HIGH $QUICK $LRC $SLIM $DOGE $SHIB $XRP $DOT $UNI $ALEPH $BICO $AUDIO $EGLD $FTT $FTM $BTC $MER  $IMX  $Flow

@TheMoonCarl 
!!@@â¤ï¸ $FTT â›½ï¸ğŸ’¦ğŸŒ¶ï¸"
1515637909508001796,XRP_SMACK_XLM,2022-04-17 10:26:51+00:00,Three African Countries Plan to Adopt Cryptocurrency and Blockchain Solutions #CryptoCurrency #blockchain via https://t.co/G0tvblBj26 https://t.co/YS23h8D19L
1515637870274428930,WeFlexDetroit,2022-04-17 10:26:42+00:00,XRP The New Gold - https://t.co/BXXsdk8W90 - #Detroit #DetroitMusic #DetroitBusiness #DetroitFood
1515637781221249033,lovemusic121uu,2022-04-17 10:26:20+00:00,"@cryptojack my $XRP bags, $VET and $INR, i would never sell that, all longterm holdings and trade positions"
1515637668037931013,MakotoHoliday,2022-04-17 10:25:53+00:00,"@xloyality_team @xloyality_Army @ArjanXRP589 @pancky19 @Jorny37027973 Good Luck

@xSky_NFT
@al_banjo
@AceJervin1
@al_banjo
@baby_xrp

All the best year 2022 https://t.co/PrayVQvD8V"
1515637666897104897,pay_day25,2022-04-17 10:25:53+00:00,"@CJPromotes_ @thefatcatsNFT @SolitaireBk @toton_fire @dOhVcZJn7KOqLCT @_mugi_yuki @mikan3_orange3 @Yu_suK750 @HAMBROS420 @TT20628127 @AREX_XRP @mm_v_morioka 

doneğŸ‘ğŸ˜» https://t.co/F12rXetSsk"
1515637664208195585,OlympusConz,2022-04-17 10:25:52+00:00,@AlexCobb_ I still donâ€™t genuinely understand why you lose your mind every time XRP goes up .03
1515637639885602817,SlothTradingBot,2022-04-17 10:25:47+00:00,"ğŸ””Price updates for different #crypto assets that get price predictions on ğŸ¦¥SlothTrading:

#ETH: $3,045.19
#DOT: $18.74
#SOL: $102.26
#LUNA: $81.48
#XRP: $0.7809
#AVAX: $77.93

ğŸ’¥New predictions every hour"
1515637517625839616,CoinforecastOrg,2022-04-17 10:25:18+00:00,"ğŸ¤‘ Exchange Info ğŸ¤‘ Price differences on #Binance &amp; #Bybit | #BTC: $14.44, #ETH: $0.6700, #BNB: -$0.8415, #QTUM: -$0.003800, #XRP: $0.00010000, #ADA: $0.001000, #BTT: $0.002775, #DOGE: $0.0001300 | ğŸ‘ï¸  More: https://t.co/dTzxAkrosr https://t.co/5oetyiEd9q"
1515637473531285504,cosmichodler,2022-04-17 10:25:07+00:00,"@2manyusernayms @XRP_Avengers fkn Jed McCaleb who got a load of $XRP for free basically is dumping it; if the knt knew it's going to 3 digits, he'd be HODL'ing harder than the 99% of #XRPHolders"
1515637295566790656,Var_XRP,2022-04-17 10:24:25+00:00,@YouthIndDesign Love it
1515637293943562243,xrp_jb,2022-04-17 10:24:24+00:00,@vechainofficial @jasonsvoboda @coinbase @Stably_Official @eToro  should also be a cool exchange.
1515637270761590787,DanielleKapla20,2022-04-17 10:24:19+00:00,@JustAGreenFox @cmttat_ This is crazy @blaze_nft60 @Juliett70369802 @Leoo_xrp @stacyinmunich @NFTHICKS @lenice_ng @CanChen1104 @tatka24_24
1515637254349529097,cosmichodler,2022-04-17 10:24:15+00:00,"@2manyusernayms @XRP_Avengers I am betting on the best case scenario;

You could be absolutely right; There's a reason why MoneyGram flocked to Lumens XLM, There's a reason why congress invited Stellar, not ripple, to that blockchain hearing thing awhile back,"
1515637215912673283,EthPrayag,2022-04-17 10:24:06+00:00,@JayDub_xrp @BTCGandalf if you didn't understand that maybe you should take your own suggestion
1515637203841712135,RubeiShi,2022-04-17 10:24:03+00:00,@XRP__589 nice
1515637164108832772,lucassavage6,2022-04-17 10:23:53+00:00,@XRP_Moonshots One day
1515637155770646529,raypta,2022-04-17 10:23:51+00:00,"#btcflower #nft will set the standard for the next generation of artist. Love for art before love for profits. Most NFT projects are scams..
@thisisludotwee1 loves for art cannot be questioned because history is on his side. Buy now or buy when it cost milli
#icp #btc #xrp"
1515637153476325380,NeilStrachan9,2022-04-17 10:23:51+00:00,"I should add, if a fin. instrument doesnt work &amp;ğŸ’°as a result, should b mechanism 4 recovering ur losses, this is how trust is built in any system. Trustless=XRP= infallability. 
Strike &amp; Lightning r fallible so trust is non-exstnt. ğŸ¤¡Mallers,""not my fault""is Jack ğŸ’©2âš¡ğŸ¤œclients!"
