id,handle,created_at,text
1524846877228810240,JobPreference,2022-05-12 20:20:00+00:00,"NEED a #JOB?
Sign up now https://t.co/o7lVlsl75X
FREE. NO MIDDLEMEN
#Robotics #AIEthics #MachineLearning #AI #Python #DataScience #BigData #100DaysOfCode #Robots #fintech #insurtech #Bitcoin #cybersecurity #blockchain #coding #Cryptos #NFTGame #Jobs #Metaverse #Bitcoin #ETH #SOL https://t.co/UcPurpxGAQ"
1524846866164334617,E10SAM,2022-05-12 20:19:57+00:00,@REDlester_22 ‚ÄúBuy bitcoin dickhead‚Äù
1524846863861661717,OrganaCapital,2022-05-12 20:19:57+00:00,"üìå 339.900% #profit signal!

1 $ETH TO JOIN OUR VIP CHANNEL 12 MONTHS + üìåüöÄüßû 339.900% #trading profit signal as a welcome gift! ‚ù§Ô∏èüî•üßûüöÄ‚ú®

Mark my words!

SEND DM RIGHT NOW!

#Crypto #trading #Bitcoin #makemoneyonline https://t.co/UL7eFkan3f"
1524846862557233171,WaghornJ,2022-05-12 20:19:56+00:00,"@shandiferous @murderface79 @MoonroverPro @terra_money Lol there‚Äôs only one true crypto currency and that‚Äôs BTC, i play with that from back in 2010 üòÇ Luna is just another shit coin to flip like all the rest. The sooner people realise this the sooner bitcoin can do what it was built for"
1524846861684641793,thetradebro,2022-05-12 20:19:56+00:00,"If #Bitcoin drops to 20k, I'll be happy to buy some. Seems too good to be true but, this market is full of surprises..."
1524846860787191809,ALJVD1,2022-05-12 20:19:56+00:00,Might even take us to 4200 $SPY at which point I‚Äôll get a million SEE BRO #BITCOIN IS BACK messages.
1524846858853568512,youhodl_bitcoin,2022-05-12 20:19:56+00:00,"YouHODL bought another 60 #Bitcoin¬†¬†¬†¬†at an average USD price of $28,567

We now #HODL 8,042 #BTC¬†¬†¬†¬†¬†¬†¬†¬†¬†¬†¬†¬†¬†¬†¬†¬†¬†¬†¬†¬†¬†¬†¬†¬†¬†¬†¬†¬†¬†¬†¬†¬†¬†¬†¬†¬†¬†¬†¬†¬†¬†¬†¬†¬†¬†¬†¬†¬†¬†¬†¬†¬†¬†¬†¬†¬†¬†¬†¬†¬†¬†¬†¬†¬†¬†¬†¬†¬†¬†¬†¬†
10% of this amount is invested with #cloudmining pool @b1pool

#crypto
#cryptocurrency
#BitcoinWhale"
1524846855393226752,Aqloe5,2022-05-12 20:19:55+00:00,@goldseek @APompliano @danheld I hold gold and Bitcoin. No bias. Very very glad I listened to Bitcoiners and not Schiff. Zoom out.
1524846855221387264,RikkoCee,2022-05-12 20:19:55+00:00,@TheSketchySmile The Code Book and Bitcoin standard work well together. I think Confessions Of Economic Hitman will make a good third.
1524846855146045442,TealetTea,2022-05-12 20:19:55+00:00,"Broadcasting 6

05:02 -
ItAllLinedUp
TeaTastic

05:04 -
CoolCats!

05:07 -
SmartCookie

#Pococha x Bitcoin
https://t.co/LySF0QocEc"
1524846853707005953,ctalerts7,2022-05-12 20:19:54+00:00,"2,001 #BTC (57,582,515 USD)
‚òÄÔ∏è #Gemini to Wallet
https://t.co/AJ0Y5jNIKV

#BTC  28,644.92    #ETH  1,937.81
#BNB  269.70    #SOL  44.57
F&amp;G Index:  12  (+0)
Trends:  $LUNA $SOL $PAXG $WBTC $TRX
#Bitcoin"
1524846853266804736,StackorStarvDJS,2022-05-12 20:19:54+00:00,The latest The Money Daily! https://t.co/dh35R4g2OJ Thanks to @robertjoseph #bitcoin #crypto
1524846850494414858,NasirDanAdam,2022-05-12 20:19:54+00:00,Please Any Bitcoin investor here. Let‚Äôs join our hands and cry together ü•≤üò¢üò≠
1524846849181745152,parul0173,2022-05-12 20:19:53+00:00,"@CryptoGemsCom Am buying more $FBT of 
@fibitpro

#Fibitproexchange enables buy or sell #Bitcoin and other #cryptos in real time, 24/7 with only max $1 or 0.1% fees whichever is less. https://t.co/xsWK26CcbX"
1524846847851831298,ctalerts7,2022-05-12 20:19:53+00:00,"893 #BTC (25,514,780 USD)
‚òÄÔ∏è Wallet to #Xapo
https://t.co/FWGvAHsgl9

#BTC  28,644.92    #ETH  1,937.81
#BNB  269.70    #SOL  44.57
F&amp;G Index:  12  (+0)
Trends:  $LUNA $SOL $PAXG $WBTC $TRX
#Bitcoin"
1524846845926817807,CoinDesk,2022-05-12 20:19:53+00:00,"MARKET WRAP: Altcoins are starting to underperform, especially $ETH vs. $BTC. Analysts expect more volatility because of stablecoin risks.
https://t.co/ngJyzM3OrG"
1524846837848588304,malicio030,2022-05-12 20:19:51+00:00,"Let‚Äôs be honest ‚Ä¶ 

lost a hell lot of money in the last months for holding shitcoins and believing that they come back if #bitcoin goes ahead ‚Ä¶ looking back a very bad decision, will sell them if we get a little push after this hardcore #dump and then go #short in #altcoins"
1524846826486374400,sweetburgercom,2022-05-12 20:19:48+00:00,"#bitcoin Block #736108 : 1456579 bytes, 2681 transactions, 6.50859871BTC($185,577) reward
            
For more information, visit https://t.co/3EUQjCEbrW"
1524846820542885888,0xn4rk,2022-05-12 20:19:46+00:00,How are your longs doing? $ETH $BTC #Bitcoin https://t.co/mF5Zqit2y8 https://t.co/oqr5I4RGyp
1524846815119654925,Chickab05580077,2022-05-12 20:19:45+00:00,@EllieFrost What is a bitcoin? Sounds made up
1524846810669498386,BitcoinNYSC,2022-05-12 20:19:44+00:00,"Bitcoin‚Äôs hashrate has observed significant growth in 2022 so far, setting a new ATH. Here‚Äôs how much each of the largest #mining companies have been adding to this increase.

https://t.co/1nFvo0CBSV"
1524846808509431823,ScarceCityBot,2022-05-12 20:19:44+00:00,"üö®  New bid for Lightning Bitcoin - 1 of 2 and 2 of 2 by @Bigdaddybit78 üö®

‚ö° 4 mins, 59 secs remaining ‚ö°
https://t.co/1J1axNtvUU"
1524846808316252160,ddustntwigg,2022-05-12 20:19:44+00:00,@kevinwhyte87 But it's fine to lose money in stocks? You obviously have no clue what Bitcoin even is.
1524846807368581135,Hayeknowledge,2022-05-12 20:19:43+00:00,Its a philosophy.  Don't leave your #Bitcoin on exchanges because they'll fractional reserve your ownership.  Keep them honest by removing your coins. https://t.co/K3kuhCcXIE
1524846801882435584,SamGrittner,2022-05-12 20:19:42+00:00,"It's called BitCoin because, if you're lucky, you'll end up with a bit of coins (mostly nickels and pennies)."
1524846801366532101,Otherside_a999,2022-05-12 20:19:42+00:00,@OtIhersideMeta The second wave is coming! @soojoo66 @AlCapon34 @lf_4674 @rahmanrawdra02 @SGrolms @Hougebuwukong @0hmygil @Bitcoin_Buxton @oooA_ria @questfiofficial @KelvinSamuelma1 @DOIT011 @D_Martinez_eth @althecollector
1524846791111458857,RealCarlAllen,2022-05-12 20:19:39+00:00,"@RigelOrionBeta @TheKitastrophe @TheDCSentinel @SilvermanJacob Are you saying I can't send Bitcoin nearly instantly for nearly free to people across the globe even if they don't have a bank account, or even if I don't have a bank account, or if my assets aren't liquid?

You said Bitcoin has ""zero practical use cases""

Admit you were wrong"
1524846786971844609,Youristoop1,2022-05-12 20:19:38+00:00,"@natbrunell Let's concentrate on what #bitcoin¬†can accomplish. A world of decentralized finance. Less inequality, more freedom, and a more purpose-driven life wealth distribution have all started."
1524846785461731332,Cube_head_nfts,2022-05-12 20:19:38+00:00,"This zesty faucet from @_bitcoiner is making me tweet this to claim my free Lightning sats. ‚ö°

@boltcoiner unlock me 98ff00b6-943a-4d78-9cc5-dc7442c4dcf0

#Bitcoin #BTC #LN #LightningNetwork #boltcoiner
https://t.co/TqrbB4raWw"
1524846784727728129,FrenziedLunatik,2022-05-12 20:19:38+00:00,"@Nouriel Always knew you‚Äôd eventually become a Bitcoin maxi, Nouriel

Welcome to the light ü§ù"
1524846775777083412,wkimcnl,2022-05-12 20:19:36+00:00,Breaking news:  https://t.co/Ws4QyeS7R8 #BTC #Crypto #Binance #Altcoins #ADA #Sand #Doge #Luna #Bitcoinpump #dogecoin #FTM #Cardano #PlanB #Uniswap #Sushiswap #xrp #NFT #Solana #SOL #shiba #Ethereum #Cryptocurrency #Ether #Etherium #Bitcoin #Bullrun  #cryptonews  #ALGO #Ma
1524846773948366872,yair7777,2022-05-12 20:19:35+00:00,@DocumentingBTC All except of #bitcoin is shit
1524846762350899200,SportsbookBTC,2022-05-12 20:19:33+00:00,AFTV and Chill? https://t.co/ffeMSjTHye ‚öΩÔ∏è‚öΩÔ∏è  üì≤ Bet now via ‚ü∂ https://t.co/0I4IIflkwI ‚àö
1524846758575996930,abhayka,2022-05-12 20:19:32+00:00,"@PeterDiamandis #Bitcoin disrupts the global payment rail

Uber, Airbnb &amp; other centralized plat. itself gets disrupted. Moving from centralized plat. to protocols. The seeds are sprouting in India @ONDC_Official"
1524846753261899778,MichaelRihani,2022-05-12 20:19:30+00:00,@davidmarcus @lightspark Welcome! Ping if there is anything the @CashApp #Bitcoin #Lightning ‚ö° team can ever do to help :)
1524846751919767552,smaugysmaug,2022-05-12 20:19:30+00:00,"@walking_pleb @stephanlivera no it wasn't. bitcoin have never been stronger or had a more functional ecosystem. in 2012-2013 we barly had exchanges, scams was the norm, judicial risk was nonexistant, custodial risk was much higher, no liquidity anywhere.. i could go on for a very long time"
1524846742537224195,PrincipiaTradin,2022-05-12 20:19:28+00:00,"#Treasuries #bonds #FederalReserve 
TY10 looks to at least be taking a breather
Monthly resistance, RSI very overbought
Weekly potential bearish engulfing candle, RSI very overbought 
Would bode well for #NASDAQ #cryptotrading #stonks $btc #bitcoin #FANG https://t.co/iB0m7Tfufj"
1524846740461207552,0xTimTam,2022-05-12 20:19:27+00:00,"üá¶üá∫ #Bitcoin (BTC) Arbitrage occured in Australia ‚Äº
  ‚úÖBestAsk Exchange:Binance_au
  ‚¨áPrice (BUY): 1BTC = 41,040 AUD
  ‚úÖBestBid Exchange:Swyftx
  ‚¨ÜPrice (SELL): 1BTC = 41,532 AUD
 üí∞üí¥Trading Profitüí¥üí∞492 AUD
#BTC #Australia #BTCAUD #Aussie"
1524846735054368768,D2n8899,2022-05-12 20:19:26+00:00,"@TheCryptoLark The bitcoin supply was only 21 million BTC. And his requests keep coming. Which means, from the side of supply and demand, they are clearly more stable than other crypto."
1524846733460750356,9f3hf03n_n4r930,2022-05-12 20:19:26+00:00,"AAX gives you a 50 USDT reward,Come and get it: (seriously not a clickbait)
https://t.co/qWKiNRvXUR 
#crypto #bitcoin #btc #binance #exchange #solana #avax #aave #ethereum $shib $floki $doge $elon $btc $eth $etc $ufo $defi !"
1524846728960163840,BeantownHodl,2022-05-12 20:19:25+00:00,@Daffyduck369 @Bitbello Panic?  I think most of us are happy our limit orders are finally getting filled.  Hedge funds gonna have an impossible time trying to shake Bitcoin from our hands.  We are the REAL üíéüëê
1524846727236296706,_HelenTheGoat,2022-05-12 20:19:24+00:00,Buy bitcoin oo https://t.co/4GfXdQlyMp
1524846716834689024,teti60030613,2022-05-12 20:19:22+00:00,"I am claiming my free Lightning sats from @_bitcoiner's zesty faucet! ‚ö°

@boltcoiner unlock me df6e1e01-6087-4cff-9011-3d36c2280bfd

#Bitcoin #BTC #LN #LightningNetwork #boltcoiner
https://t.co/qMc8isiHtN"
1524846713789243392,flopsy55,2022-05-12 20:19:21+00:00,"@TheDustyBC I think we will likely see a bounce in the cryptos overall, but we have more downside in the correction.. #bitcoin $20k at least before we turn around.."
1524846708559167495,surferboy61,2022-05-12 20:19:20+00:00,Bitcoin got a lot of people on suicide watch right now ‚Ä¶ keep y‚Äôall head up
1524846703823699968,mcgrattts,2022-05-12 20:19:19+00:00,@BrainHarrington @boisechampion His logic on time preference is his own decision to make but that doesn't support bitcoin versus real estate. He could just sell bitcoin along the way as it appreciates the same way he could take profits from real estate along the way.
1524846702439579653,TGCIstudios,2022-05-12 20:19:18+00:00,"DeFi: A New Financial System Free of Systemic Control

https://t.co/Q1hTmgGit8

#crypto #bitcoin #cryptocurrency #blockchain #ethereum #btc #forex #trading #money #cryptonews #cryptotrading #bitcoinmining #cryptocurrencies #investing #eth #investment #bitcoinnews #bitcoins #nft"
1524846694847983616,TheCryptoKuber,2022-05-12 20:19:16+00:00,@terafoundation $Luna fork will not work. All stable coins backed by private players and wall street will be end like $Luna. CBDC (Central Bank Digital Currency)  will also get the same fate. Only #Bitcoin #BCH #BSV #Digibyte #Ethereum will survive. Not financial advice.
1524846677693444096,xiaojiuwo8,2022-05-12 20:19:12+00:00,"Mining: Can the Use of Renewables Answer Critics of Cryptocurrency? . by Ricky Gill and Dr, Julia Nesheiwat, Bitcoin has earned the moniker ‚ÄúThe King of Cryptocurrencies‚Äù and become a model for other cryptocurrencies seeking,,,"
1524846667622760475,Deborah7059038,2022-05-12 20:19:10+00:00,@rovercrc I‚Äôm thinking about selling mine too ü•≤ the falling of Bitcoin this time is too much ü•≤
1524846665768878096,minipetite,2022-05-12 20:19:10+00:00,"Dice @GarrickHileman, head of research at Blockchain, visiting fellow at @LSENews:

  ‚ÄúIn crypto, the strong survive and the weak get flushed‚Äù

#empathsincrypto 

 https://t.co/U5TOu1vKYS"
1524846664409751552,DaddieChente,2022-05-12 20:19:09+00:00,@healeebea Bitcoin
1524846653470961664,bits4you,2022-05-12 20:19:07+00:00,"Hey @CryptoWendyO was my first #Bitcoin tweet 8 years 4 months and 8 days before yours? 
https://t.co/YaN59oGGym neat https://t.co/jwlMPYQrWU"
1524846647401803777,TheBitcoinScoop,2022-05-12 20:19:05+00:00,"Bill Miller Remains Long-Term #Bitcoin Bull

https://t.co/a48F1HMEwz #BTC #Crypto #CryptoNews #CryptocurrencyNews"
1524846645543944210,JoeyGhost,2022-05-12 20:19:05+00:00,@MakotoFromTokyo bitcoin
1524846645481029645,malteseh,2022-05-12 20:19:05+00:00,"@nickamin20 @MWhiteKnight11 @BlackKnight10k LOLü§£

So...what is bitcoin?"
1524846644877049867,NancyBabeX,2022-05-12 20:19:05+00:00,@UberFacts Buy bitcoin
1524846644692676608,zelovata,2022-05-12 20:19:05+00:00,It's a pleasure to join this rewards program. this is a potential and promising project.  #revenue #revenuecoin #bnb #bitcoin https://t.co/o17F77bqth
1524846640343007238,xxanaxx_97,2022-05-12 20:19:03+00:00,@Anthony74970961 $PAW is the new future in the world of #cryptocurrencies Goodbye #shib #doge #bitcoin We're going to the moon with #paw
1524846639176814592,tictoknextblock,2022-05-12 20:19:03+00:00,"üü© Block 736108 ‚õè ‚õè

üìÖ 12th May 2022, 20:18:02 GMT

üì£ 2,681 tx with a value of 84,094.046 ‚Çø ($2.39b üá∫üá∏)

üì£ distributed to 8,313 recipients üíéüôå

üì£ 19,038,181.25 ‚Çø (90.65801%) mined ‚õè

üì£ 1,961,818.75 ‚Çø remaining üí∞

#bitcoin #tictoknextblock"
1524846634613587976,mobile_appz,2022-05-12 20:19:02+00:00,Nasdaq partners with XP to launch cryptocurrency exchange in Brazil - News from Coin Telegraph #bitcoin https://t.co/Cu3amVTwXQ
1524846620650749991,jeffngmi,2022-05-12 20:18:59+00:00,"@NaniXBT @conzimp Why you need bitcoin for 30k, when you can have bitscoins for 888"
1524846611066564608,donjhawk,2022-05-12 20:18:57+00:00,We should all thank #terra for teaching such valuable lessons and helping to mint new #bitcoin hodlers.
1524846604813058056,kerikukral,2022-05-12 20:18:55+00:00,Tether Sinks Below $1 in Nightmare Scenario for Bitcoin https://t.co/aT29uCDdhJ
1524846599154941966,iLoveJaneAdams,2022-05-12 20:18:54+00:00,"Congress‚Äô greed has enslaved Americans to the federal reserve dollar. We‚Äôre kept on a leash, fed crumbs from the master‚Äôs table, and kicked in the teeth dare we ask for more. #Bitcoin fixes that
*Elect a new Congress*"
1524846597682634752,369HEX,2022-05-12 20:18:53+00:00,@gametheorizing @DasterNik I‚Äôve been hearing this about Bitcoin still for a decade‚Ä¶
1524846596822908944,DominikSNews,2022-05-12 20:18:53+00:00,@_Guglielm0 After some time the transaction will get deleted from the mem pool and the bitcoin stay on your wallet. You know that I guess‚Ä¶ üëçüèª
1524846592817348609,DynaRandom,2022-05-12 20:18:52+00:00,"@Riddlestoo @sirsavagex @ClarissaYorke ???
I think I've made my point. 
Anyways
Blockchain and crypto are banned by many govts.
The bitcoin mining was so discouraged that even companies released graphic cards that cannot be used for mining. Hence bitcoin lost its value (I know there are other factors too.)"
1524846588199596032,mozayn07,2022-05-12 20:18:51+00:00,"@Tech_Trusted Yes, sadly bitcoin follows SP500 üòû, we still have a long way for it to be decentralized."
1524846587175895040,perfe41,2022-05-12 20:18:51+00:00,"@cryptojack #bitcoin and also
#btc and some
#cro 
üòÅ"
1524846585162645504,And1129,2022-05-12 20:18:50+00:00,"@LaneNuclear @RobertCMahon What our grid needs is a MASSIVE adoption of and investment in renewable energy, and that isn't possible without a consumer of energy that will buy huge amounts of renewable power. The Bitcoin network is that customer and bitcoin mines will pay that price."
1524846583459610624,allisknu11,2022-05-12 20:18:50+00:00,"@TMillionaireOT @BusinessFamous 20K? Could be. If this is the coordinated power play by those in power, why wouldn't they want to knock on Michael Saylor's door? Arguably, the biggest proponent of Bitcoin. 

I have formed other scenarios. This could be a bear trap and we touch 24K, and up we go. We'll see."
1524846581119434779,johnmorganFL,2022-05-12 20:18:49+00:00,"How has Bitcoin affected the hotel sector of Montenegro?

https://t.co/6HTPAJ6teE"
1524846577541693440,RealRamonTiscar,2022-05-12 20:18:49+00:00,"@SvdHijden #bitcoin and #silver are both excellent stores of value for long term investors, both in the same team."
1524846567433420820,PSuiteNetwork,2022-05-12 20:18:46+00:00,#Bitcoin Wall Street Wants You to Sell Desperately.... All Dayyyyyyyyyy Spinning More Than Peleton's Stock in the Past Year
1524846563465437184,ezCoinAccess,2022-05-12 20:18:45+00:00,"@MZietzke @justicemate @DanielKrawisz Whether you or any other #BSVers ‚Äúcare about‚Äù Creg or not, he is a cancer to #bitcoin and toxic for this entire industry. And your project is a joke BY ASSOCIATION, if nothing else.

For the love of Jah, banish the crook and his bafponery, so you can at least stand a chance! https://t.co/MO0uFgtYZO"
1524846554787594243,MattTheTaxSlave,2022-05-12 20:18:43+00:00,"@PeterSchiff @SchiffGold Peter, you are correct that $BTC / #Bitcoin is just a ponzi / bubble of people gambling on the price of thin air going up to sell to the next sucker, but what do you think of other cryptocurrencies that ARE backed by actual non-gambling utility? 

@PeterSchiff"
1524846551675420677,DadDomain,2022-05-12 20:18:42+00:00,"I know im keepin my coins!!  Bid now @godaddyauctions
Click here: https://t.co/DJCgIecbf3

#coin #coins #coincollecting #silver #money #numismatics #bitcoin #domainsforsale #gold #ethereum #crypto #invest #bullion #ngc #royalcoins #altcoin #cryptocurrency #blockchain #bitcoins https://t.co/WpildkzZge"
1524846541248286733,SandwichOfEarl,2022-05-12 20:18:40+00:00,"@SafdarAlam There are no shortcuts. Objective truth is the basis for a sound money system. This is what #Bitcoin's proof of work enables. Altcoins, DeFi, proof of stake, DAOs, etc - they all rely too much on the subjectivity of fallible human decision making."
1524846540992434184,JohnDav23627674,2022-05-12 20:18:40+00:00,"@BradMunchen Musk is worth $300 Billions, richest man in the universe, yet he can't write a measly $44Billion check. Money ain't real, Wealth ain't real, Bitcoin sure as hell aint real."
1524846539239215132,PapacSassy,2022-05-12 20:18:39+00:00,"Things this board deem possible = signing up to friendlies with our most despised rivals in Oz, make 400 deals with unknown NFT/bitcoin fraudsters, making 9 kits a year

Things they deem impossible = get a third party to hook up some TV screens at Ibrox for a major European final https://t.co/3F3KEsFge9"
1524846535237849088,RaniTehe,2022-05-12 20:18:38+00:00,I think this is the last time we see Bitcoin at this price.
1524846534398988295,Tech_Noobs,2022-05-12 20:18:38+00:00,Busting The Prevailing Bitcoin¬†Myths https://t.co/0dLbfT6PuY
1524846532297519104,ilostmybank,2022-05-12 20:18:38+00:00,BREAKING: SHITCOIN BLOCKCHAIN AND SHITCOIN PUBLICLY TRADED COMPANY HAVE BOTH HALTED OPERATIONS THE SAME DAY. (#Bitcoin remains unaffected)
1524846532280864785,NateGeraci,2022-05-12 20:18:38+00:00,"Ytd returns...

PDBC (commodities) +33%
GLD (gold) -1%
MINT (short-term debt) -2%
AGG (broad us bonds) -9%
SPY (s&amp;p 500) -17%
VNQ (reits) -18%
IEFA (developed int'l) -18%
IEMG (emer mrkts) -19%
TLT (20+yr treas) -20%
IWM (small caps) -22%
QQQ (nasdaq 100) -27%
BITO (bitcoin) -39%"
1524846521866407950,FlavioMoreira,2022-05-12 20:18:35+00:00,"E o bitcoin, hein? https://t.co/vFJhoxI56a"
1524846514077585438,FaizanMujtaba8,2022-05-12 20:18:33+00:00,"#Bitcoin 

24-23k incoming. 

Upcoming weekly close below 30k will give us a confirmation. https://t.co/FyzuqkqmP4"
1524846510415958026,btc_blockbot,2022-05-12 20:18:33+00:00,"BTC Latest Block Info: Block 736108 holds 2,681 transactions for a total of 84,094.04617 Bitcoin including Block Reward. Block Size 1,456,579 Bytes"
1524846508914483201,smokinonfiat,2022-05-12 20:18:32+00:00,"This market isn‚Äôt fair, I demand #Bitcoin go back to 25k!

I was asleep and couldn‚Äôt buy the dip üò§"
1524846505470873601,tenmillionzil,2022-05-12 20:18:31+00:00,Tomorrow is Friday is the 13th... Dear #bitcoin please behave.
1524846501649862656,web3cowboy,2022-05-12 20:18:30+00:00,ü§¶‚Äç‚ôÇÔ∏è good luck with that. #crypto #defi #bitcoin https://t.co/m2LEPkDyfD
1524846498097221632,bigsnugga,2022-05-12 20:18:30+00:00,@Maine_Char bitcoin yea them other scam coins no
1524846495601635329,argh_laay,2022-05-12 20:18:29+00:00,"The current number of unconfirmed transactions across the Bitcoin network is 51,931, the network-wide computing power is 223.66 EH/s, the 24-hour transaction rate is 3.21 transactions/s, the current network-wide difficulty is 31.25 T, and the next difficulty"
1524846492141649920,chandewput,2022-05-12 20:18:28+00:00,"@PAWstronaut13 From community to market metrics, $PAW is overflowed by good sentiment üíöüêæ

#PAW #Bitcoin #shib #doge #crypto"
1524846489343692800,CryptoZaff,2022-05-12 20:18:27+00:00,"Zaffron found #bitcoin in a User vault at this location! Join me playing #coinhuntworld, It's awesome! https://t.co/xhRPO6Mv1Z #cryptocurrency #37264 https://t.co/9lD2j1FY6o"
1524846485812170777,CryptoGainsClub,2022-05-12 20:18:27+00:00,@KoryptoStylist @RG3_Pirate Hashtags üè¥‚Äç‚ò†Ô∏è for the algo üé©üëç #crypto #Bitcoin #ETH #LUNA #RichardHeart #CryptoCurrency #Finance #fashion #ElonMusk #LouisVuitton #Rolex
1524846485275299872,_lipesoares_,2022-05-12 20:18:27+00:00,@FEGchris HOLD #FEG #Bitcoin
1524846480326021160,guilher55715616,2022-05-12 20:18:25+00:00,@Callum_Thomas Bitcoin
1524846478795100164,bitcoin_curious,2022-05-12 20:18:25+00:00,"Lots of DeFi claims are BS.

There is someone in control."
1524846471694143502,MyfirstBitcoin_,2022-05-12 20:18:23+00:00,"One of the first commercial transactions ever made with #Bitcoin was for 2 pizzas, 12 years ago.

That's why on Sat. May 21st we would like you to join us @ La Casa del Bitcoin and share some pizza slices and beer with us üôå

More infoüçïüçïüçï https://t.co/D5nkEXJ9zS"
1524846471278800896,Cutloseagain,2022-05-12 20:18:23+00:00,"I am claiming my free Lightning sats from @_bitcoiner's zesty faucet! ‚ö°

@boltcoiner unlock me 0f4750bf-217a-43b0-88c2-50e97c347076

#Bitcoin #BTC #LN #LightningNetwork #boltcoiner
https://t.co/mh2QIzWOdt"
1524846461887860746,spank419,2022-05-12 20:18:21+00:00,@ScottWapnerCNBC @Stephanie_Link Bitcoin and all of that is the biggest hustle in the history of the markets. I have never touched it and never will
1524846457475727360,chandewput,2022-05-12 20:18:20+00:00,"@PAWstronaut13 @PAW_digital From community to market metrics, $PAW is overflowed by good sentiment üíöüêæ

#PAW #Bitcoin #shib #doge #crypto"
1524846456678535177,dilutionproof,2022-05-12 20:18:20+00:00,"#Bitcoin balances on spot (üü©) and derivatives (üü•) exchanges, as per @cryptoquant_com

Interesting divergence over the last couple of days. Could be a visualization of funds getting sucked up by derivatives exchanges as the result of margin calls during the current dip? https://t.co/912jygjz1A"
1524846454581383172,emilstefx,2022-05-12 20:18:19+00:00,NFT is cringe. And Bitcoin &amp; Co. should be banned altogether. https://t.co/pkWvEMBVWs
1524846451016224792,Rockmn26,2022-05-12 20:18:18+00:00,"@PeterDiamandis Bitcoin Disrupted banks

Crypto Disrupted Stock"
1524846449288040448,chaoyu69101650,2022-05-12 20:18:18+00:00,"Which Mining Company Contributed Most To Bitcoin's Hashrate Growth In 2022? | Bitcoinist,com . Bitcoin's hashrate has observed significant growth in 2022 so far, setting a new ATH, Here's how much each of the largest mining companies have been adding,,,"
1524846439003738132,J_DeCarteret,2022-05-12 20:18:15+00:00,"If only #Bumper were out yet.
:)

#defi #crypto #Blockchain 
https://t.co/B1GV6VRiWT"
1524846435417608203,AndyMcCall,2022-05-12 20:18:15+00:00,"@EllieFrost That's funny, because I like my women like Bitcoin.

Going down."
1524846428597669888,HodlMagoo,2022-05-12 20:18:13+00:00,Crypto‚Äôs only positive achievement to date has been creating #Bitcoin maximalists.
1524846421299580938,defihotaf,2022-05-12 20:18:11+00:00,"gladita found #bitcoin in a User vault at this location! Join me playing #coinhuntworld, It's awesome! https://t.co/6kEAOK58OC #cryptocurrency #122972 https://t.co/KlpAJonMOx"
1524846420871761924,aidanplawlor,2022-05-12 20:18:11+00:00,"Bitcoin is the innovation. Bitcoin, not crypto. Bitcoin, not Blockchain. Follow the talent. https://t.co/eUwTJ2f8Ap"
1524846410893365248,SportsbookBTC,2022-05-12 20:18:09+00:00,Clement‚Äôs clear message https://t.co/IBUrrsC5Nf ‚öΩÔ∏è‚öΩÔ∏è  üì≤ Bet now via ‚ü∂ https://t.co/0I4IIflkwI ‚àö https://t.co/SchwYJIbpf
1524846405952622636,Miguel20734259,2022-05-12 20:18:08+00:00,"@IwanRabbinstein #bitcoin,  get you some."
1524846403863793665,Abhimanyu762001,2022-05-12 20:18:07+00:00,"Some people are buying $LUNA knowing that it‚Äôs either going to be a hit or miss.
#Bitcoin Buy Luna $LUNA #cryptocurrency #Etherum #CardanoADA #USDT"
1524846402823671826,shqueenland,2022-05-12 20:18:07+00:00,"im thinking of investing in Bitcoin ‚ù§Ô∏è anyone have any experience with that,?"
1524846399992385537,theluckyman,2022-05-12 20:18:06+00:00,Business Insider - US stocks trade mixed as investors digest latest inflation data https://t.co/xcN2yK3LTq https://t.co/MZh58BgkAa
1524846399879192577,SportsbookBTC,2022-05-12 20:18:06+00:00,Pato O'Ward and Colton Herta compete for McLaren spot https://t.co/TTwYLvRADv ‚öΩÔ∏è‚öΩÔ∏è  üì≤ Bet now via ‚ü∂ https://t.co/0I4IIflkwI ‚àö https://t.co/5sFPbc8dc1
1524846395223511040,BetFastcom,2022-05-12 20:18:05+00:00,Carson Pickett on winning her first NWSL trophy with North Carolina Courage: 'Everyone here is really special' https://t.co/jI9Tkw8TF4 ‚ñ∂Ô∏è https://t.co/NKkDBVS66N #Bitcoin #Sportsbook
1524846392698494976,nyeogmi,2022-05-12 20:18:04+00:00,i don't own any crypto but if i was going to buy crypto i would buy something boring like bitcoin
1524846391050260502,CryptoGoblin,2022-05-12 20:18:04+00:00,@AntonHuber19 @swar_payan @ksicrypto when you learn how to trade from bitcoin maxis
1524846390970437632,JimmCarr,2022-05-12 20:18:04+00:00,US stocks trade mixed as investors digest latest inflation data https://t.co/1RoIByrOCc https://t.co/xvfzx1isxs
1524846385576652800,ManLeeHood,2022-05-12 20:18:03+00:00,US stocks trade mixed as investors digest latest inflation data https://t.co/x2eqFoFPCo
1524846384658141217,OrangePineappIe,2022-05-12 20:18:03+00:00,@Whatshamidt bolsonaro is too busy being in hospital to keep track of the bitcoin market
1524846384091869184,BitcoinHangout,2022-05-12 20:18:02+00:00,Bitcoin Bloodbath Awakens Sleepy Giant As Spot Volumes Surge https://t.co/gTE8z2w7jB
1524846383655702563,InvestorDailyU1,2022-05-12 20:18:02+00:00,New post (US Dollar(USD) To Bitcoin(BTC) Currency Exchange Today) has been published on Forex Trader Hub - https://t.co/ahHzbJWjvJ
1524846380526710784,danieltvrn,2022-05-12 20:18:02+00:00,#bitcoin is the only network in the entire crypto market that has a justifiable market cap. The rest are wildly over valued.
1524846374239449088,D2n8899,2022-05-12 20:18:00+00:00,"@PeterSchiff The bitcoin supply was only 21 million BTC. And his requests keep coming. Which means, from the side of supply and demand, they are clearly more stable than other crypto."
1524846372943409152,tpsarofagis,2022-05-12 20:18:00+00:00,"Turns out, JLo is the only one who can handle it over 50 #Bitcoin"
1524846372884729874,btc_premier,2022-05-12 20:18:00+00:00,"#Bitcoin Price: $28,543üìà https://t.co/KZQrOW3muM"
1524846372377219082,ProphetnBallers,2022-05-12 20:18:00+00:00,"#BitcoinCrash misunderstood. NORMAL for #Bitcoin to crash &amp; recover.Look at chart history.Bitcoin is NOT like other coins INCLD #Ethereum 
None of them n class of Bitcoin.Ppl ask what does Bitcoin do? What does gold do? Diamonds do? Values r a VOTE of human perception @fundstrat"
1524846363279773726,thatgreenguy,2022-05-12 20:17:57+00:00,Buy #bitcoin and stay safe üëç https://t.co/uFOFH4aD6T
1524846349048373249,Tiffany78260491,2022-05-12 20:17:54+00:00,"#business #businessgoals #businessgrowth #businesstips #businesstip #businesses #bigbusiness  #linkedin  #digitalmarketing #gift #shopping #gifts #onlineshopping #dogecoin #bitcoin #marketing #affiliatemarketing #freeshipping #ad #AmazonInYlxZa"
1524846339414036481,thelykeion,2022-05-12 20:17:52+00:00,"@mnicoletos Agree, but it does go both ways

Hopefully after Bitcoin rebounds (not sure the others will), hopefully the community comes back with a bit more humility and respect

Time to retire 'NGMI', 'Few', and all the other prophetic nonsense. 

Just buy, hold, and go about your day."
1524846337094606848,jayaprakasa111,2022-05-12 20:17:51+00:00,"This zesty faucet from @_bitcoiner is making me tweet this to claim my free Lightning sats. ‚ö°

@boltcoiner unlock me 960d704c-b9ae-4c4f-922d-16517c52c267

#Bitcoin #BTC #LN #LightningNetwork #boltcoiner
https://t.co/1nOU112zYd"
1524846337086345236,moneroboating,2022-05-12 20:17:51+00:00,"Nobody will accept your no-KYC Bitcoin, so it will not matter if it's worth a million. Xmr is truly fungible"
1524846327284256791,Crypto_finalwin,2022-05-12 20:17:49+00:00,"#Crypto Trader's Note ‚Ññ 23 üìù

Pros: You can work from anywhere at any time.

Cons: You MUST to work ANYWHERE at ANY time!
 
#cryptocommunity #bitcoin https://t.co/NaGKccHww4"
1524846318807568395,RealCarlAllen,2022-05-12 20:17:47+00:00,"@RigelOrionBeta @TheKitastrophe @TheDCSentinel @SilvermanJacob ""Are you saying you cant wire money to people across the globe?"" 

Not if they're in a new country with no bank.

Now I'll ask again:

""Bitcoin has zero practical use cases."" 

I wanted to send $50,000 to my friend in Poland who has fled Ukraine.

How do I do it?

Answer."
1524846317930958869,JNzeakor,2022-05-12 20:17:47+00:00,Sheesh ain‚Äôt know Bitcoin hit 27k
1524846317247221760,help_me_plzplz_,2022-05-12 20:17:46+00:00,"LOVE!!United StatesWe hope to help, thank you. 
/bitcoin 1896UwURka9J4MCbSdwfMc1pynArfWYXUf   
/amazon.com Wish List https://t.co/kd453LxDOR"
1524846306795081749,BGSNDY,2022-05-12 20:17:44+00:00,"Update on the @BitMEX saga. They now disclosed more info on why they took 0,25 bitcoin from me and disabled my account indefinately. #BitcoinCrash #bitcoin #bitmex #BItMEX #Cryptocrash #cryptocurrency https://t.co/bGWRxrSybo"
1524846302898573332,astro_puppy,2022-05-12 20:17:43+00:00,"Just now saw this lame
Matt Damon commercial
for Crypto for the first time.

‚Äú..if you had purchased $1000 worth of bitcoin when the commercial debuted, your crypto value would be about $481 today.‚Äù

‚ÄîMarketWatch https://t.co/77dbLH3BMe"
1524846302416228364,andre_kranich,2022-05-12 20:17:43+00:00,"People show you wild charts with innovative TA why #Bitcoin goes up or down, but here is the truth:

As long as we 
- are correcting in stocks
- fight in Ukraine
- can't handle inflation
- have unstable stablecoins

Bitcoin is going nowhere. 
Simple."
1524846302101504001,DerekTMcKinney,2022-05-12 20:17:43+00:00,ü§ìü§îüëç #knownews ##blockchain ##cryptocurrency #bitcoin #eth Tether claims they were ready for this bank run Tether https://t.co/VAaGzXGIsy
1524846300772061209,ZLOK,2022-05-12 20:17:43+00:00,"@statusquont You really think they will give up the shitcoin casino business, the PoS narrative, and won't try to bend the rules to their advantage? Have you seen their portfolios? Have you read the news regarding Bitcoin in the last few months?"
1524846298750406683,patelmaulik,2022-05-12 20:17:42+00:00,@saylor @APompliano @balajis @naval have caused this to happen. #bitcoin #btc #wallstreetbets #wallstreetmeme #NFT https://t.co/LlTlHkXIbF
1524846298616111104,raingump,2022-05-12 20:17:42+00:00,@KounotoriToken Great job @KounotoriToken team! So proud to be a part of this #community! #KTO #Bitcoin #ETH #BNB #BSC https://t.co/wucKQGJCcu
1524846296691003407,the_verdent,2022-05-12 20:17:42+00:00,22~24k can be the bottom here. I expect relief in stocks in June and July. Was studying today. Warren Buffet poured his 44Bn $ cash in to stocks in these two months. And he is one heck of a seasoned investor. We will recover. #Crypto #BTC #bitcoin #cryptocurrency #AVAX
1524846296154132495,BitcoinNYSC,2022-05-12 20:17:41+00:00,"The longtime #bitcoin bull remains so, reminding that he has held the #crypto through three 80% drawdowns.

https://t.co/5rS5MPV9vI"
1524846289107701776,Crptoearn1,2022-05-12 20:17:40+00:00,"This zesty faucet from @_bitcoiner is making me tweet this to claim my free Lightning sats. ‚ö°

@boltcoiner unlock me 3cab7d99-9822-4e0a-a633-9d07879ef07e

#Bitcoin #BTC #LN #LightningNetwork #boltcoiner
https://t.co/3GNXNPfpSW"
1524846286993666048,BradHuston,2022-05-12 20:17:39+00:00,@MarketRebels Fidelity to keep your Bitcoin if they go bankrupt.
1524846282807857187,azharhullio,2022-05-12 20:17:38+00:00,@ashwsbreal #LUNA is back. #Bitcoin #Binance #DeFi #Crypto #UST #LUNAtics #LUNAUSDT
1524846282379960320,DerekTMcKinney,2022-05-12 20:17:38+00:00,ü§ìü§îüëç #knownews ##blockchain ##cryptocurrency #bitcoin #eth Top of Mind: Staying Focused During Market Downturns By https://t.co/YODO92kdTZ
1524846276113747968,CryptoTruth205,2022-05-12 20:17:37+00:00,"@SatoshiOfWish Lol no, I said if bitcoin gets to the $20K range then Luna would be bare minimum $2.50‚Ä¶.here we are and what do you know lol. Doesn‚Äôt matter if it died, it‚Äôs under $2.50 isn‚Äôt it lol"
1524846267980861440,DerekTMcKinney,2022-05-12 20:17:35+00:00,ü§ìü§îüëç #knownews ##blockchain ##cryptocurrency #bitcoin #eth Nasdaq partners with XP to launch cryptocurrency  https://t.co/1UndKryeAh
1524846267184074756,schnorres91,2022-05-12 20:17:35+00:00,@Nouriel But did you understand bitcoin tho?
1524846257444794368,jan_dutkiewicz,2022-05-12 20:17:32+00:00,@jennystojkovic Well bitcoin is a cryptocurrency - likely staying stable because of more investor confidence. I don‚Äôt functionally see a difference between btc and other cryptocurrencies. Happy to read something that would convince me otherwise tho.
1524846253372190721,ThaCypher,2022-05-12 20:17:31+00:00,"@siberianpine @OfficiallyIce Its down now Mainly due to inflation and the nonsense with the oil prices.
 Heres some more details if you have the time to read it.

https://t.co/kfTwCThUHl"
1524846251623206935,ericwojo,2022-05-12 20:17:31+00:00,"But honestly, when you invest in made up shit, you get nothing.
 https://t.co/bFdEvPZ8WD"
1524846237450903552,0xTimTam,2022-05-12 20:17:27+00:00,"üá¶üá∫ #Bitcoin (BTC) Arbitrage occured in Australia ‚Äº
  ‚úÖBestAsk Exchange:Binance_au
  ‚¨áPrice (BUY): 1BTC = 40,957 AUD
  ‚úÖBestBid Exchange:Swyftx
  ‚¨ÜPrice (SELL): 1BTC = 41,409 AUD
 üí∞üí¥Trading Profitüí¥üí∞452 AUD
#BTC #Australia #BTCAUD #Aussie"
1524846237257801728,SkullEric83,2022-05-12 20:17:27+00:00,"CyptoKing found #bitcoin in a Blue vault at this location! Join me playing #coinhuntworld, It's awesome! https://t.co/cJHr0Vtauu #cryptocurrency #3000026 https://t.co/aAZKTQh5Pp"
1524846233361461248,Tom40591965,2022-05-12 20:17:26+00:00,"Terra Blockchain Temporarily Stops Block Production, Aims to Restart Network With a Patch ‚Äì Bitcoin News . At 12:14 p,m, (ET), the Twitter account operated by the Terra team announced that the Terra blockchain network had been halted,"
1524846233323458562,bensolo_eth,2022-05-12 20:17:26+00:00,Break out is inevitable for $BTC #Bitcoin #Crypto üöÄüôè
1524846233096962048,FCFVAOfficial,2022-05-12 20:17:26+00:00,its Bitcoin weekly chart iam looking its look like up trand for INDEX #Trading #bitcoin via https://t.co/EzGYrkpNi8 https://t.co/g1i9m5pNkY
1524846229749911555,johnmorganFL,2022-05-12 20:17:26+00:00,"Lunch Money 276: Bitcoin, Student Loans &amp; More!

https://t.co/0OBjk2ltBn"
1524846224314093573,OperationMoney,2022-05-12 20:17:24+00:00,Bitcoin on @Coinbase: https://t.co/thiaKqfu5w
1524846219821994007,MetaAdam101,2022-05-12 20:17:23+00:00,#Bitcoin will come under $19k #BTC
1524846209923436558,BitDadss,2022-05-12 20:17:21+00:00,@ItsMikeGoldberg Only Bitcoin.
1524846205821407243,AzbelEdmond,2022-05-12 20:17:20+00:00,"https://t.co/d80UuWLt9n

Mr.#JoeBiden and the #BidenAdministration, what's going on #GasPrice üîùüîùüîùüîùüîùüîù #StockMarket ‚¨á‚¨á‚¨á‚¨á‚¨á‚¨á #Fed not helping #Money flying away and solution unclear. Is the correct #government want to destroy us?"
1524846204688945158,AngieIkre,2022-05-12 20:17:20+00:00,"@me_lanin_pie Money,bitcoin."
1524846201631174656,IvanEastwood,2022-05-12 20:17:19+00:00,I discovered I had $200 of bitcoin and in the time it took to link my bank account it went down by 35% lol
1524846188738007052,JerryCCJacobs,2022-05-12 20:17:16+00:00,"What will u buy!
#Cryptocrash #BitcoinCrash 
#Bitcoin #VeChain #basicattentiontoken #Terra #LUNA #terraluna"
1524846184149438467,M8Nlite,2022-05-12 20:17:15+00:00,"Bullish, bearish, who tf cares. This is not about buying or selling. It‚Äôs about moving away from the old system, to new a better ones. One day at a time. #bitcoin #Etherum #Cardano"
1524846177568575504,K2theChad,2022-05-12 20:17:13+00:00,@TheStoicCoiner But the main difference bw #bitcoin &amp; #Monero is BTC is digital property &amp; XMR is considered a security bc of a pre-mine coin distribution? https://t.co/CDSWWHxzjA
1524846171499417605,LittleDope85,2022-05-12 20:17:12+00:00,"For those who still don‚Äôt know @RichardHeartWin..this is a tweet from 1 year ago..! Meditate People.. instead of following fake influencers on YouTube..

#Bitcoin #Ethereum #BNB #CRO #ADA #LUNA #MATIC #Solana #SHIB #Dogecoin #Hexicans #TeamWin #DeFi #Cryptocrash #cryptocurrency https://t.co/Zl1kCHxoxF"
1524846166932082689,0xIndia,2022-05-12 20:17:11+00:00,"üáÆüá≥ ‡§¨‡§ø‡§ü‡§ï‡•â‡§á‡§®(BTC) ‡§Ü‡§∞‡•ç‡§¨‡§ø‡§ü‡•ç‡§∞‡•á‡§ú ‡§∏‡§Ç‡§≠‡§æ‡§µ‡§®‡§æ ‚Äº
  ‚úÖBestAsk Exchange:Wazirx
  ‚¨áPrice (BUY): 1BTC = 2,315,142 INR
  ‚úÖBestBid Exchange:Coindcx
  ‚¨ÜPrice (SELL): 1BTC = 2,358,949 INR
 üí∞üí¥Trading Profitüí¥üí∞43,807 INR
#Bitcoin #BTC #India #BTCINR #Arbitrage"
1524846161382756378,PresidentFRN043,2022-05-12 20:17:09+00:00,"...imagine #LUNA back to $100üôà
...back to crypto menace; last dip that has kept me surveillance for one yr now; you can't get enough reason to keep trying lol üòÇüòÜ until you comfortable when you loss and be able to move on #bitcoin"
1524846160904605696,humourme1234,2022-05-12 20:17:09+00:00,"@PeterSchiff righty takes his victory lap on his shitcoin predictions! üòÇ

#bitcoin https://t.co/782ojsUqnI"
1524846156047560704,cryptocharts,2022-05-12 20:17:08+00:00,Thoughts on $BTC #Bitcoin! See F5M's idea on TradingView below. https://t.co/Q8INJXcs2S
1524846154353102884,Agyalap,2022-05-12 20:17:08+00:00,@cz_binance Bitcoin has such a small capitalisation and recently dinosaur wallets have opened.  How can you build a stablecoin on that unless you own 60% of it?
1524846152100630528,GhostKumo,2022-05-12 20:17:07+00:00,A lotta people talking about dumbass retail investors losing big on crypto but Ive yet to see anyone adress the fact a dumbass self-proclaimed dictator of a sovereign nation made Bitcoin a national de jure currency and that could have far more impact on lives who didnt ask for it https://t.co/1VRH1lxOUG
1524846149596762120,alert_shark,2022-05-12 20:17:06+00:00,"#Bitcoin üìà 

‚ñì‚ñì‚ñì‚ñì‚ñë‚ñë‚ñë‚ñë‚ñë‚ñë‚ñë‚ñë‚ñë‚ñë‚ñë 29%

price:$28535.98      eth/btc: 0.07"
1524846141803745288,patrickpaddle,2022-05-12 20:17:05+00:00,"@SenWarren BITCOIN IS THE ANSWER, its almost done mining, and so it ETH. That power usage wont come back after. Plus its only a 1 Trillion mkcap not 3 Trillion, just yet."
1524846132752437249,TampaBayBitcoin,2022-05-12 20:17:02+00:00,"@TampaBitDevs meetup tonight in #Tampa. 
Tons of #Bitcoin news to talk about. Building @bitcoin__bay 
‚ö°Ô∏èDEVS WANTED‚ö°Ô∏è

We'll have the Lightning Game on as well. #GoBolts 
https://t.co/Gf4YHaOBY9"
1524846132182011918,LarsWordle,2022-05-12 20:17:02+00:00,and bitcoin certainly doesnt. its the opposite of a hedge
1524846131800330255,2dumbdogs1,2022-05-12 20:17:02+00:00,"This zesty faucet from @_bitcoiner is making me tweet this to claim my free Lightning sats. ‚ö°

@boltcoiner unlock me 29df0343-41d1-438b-b3de-cc248eb68b7b

#Bitcoin #BTC #LN #LightningNetwork #boltcoiner
https://t.co/87M2mOkm9P"
1524846117866852358,Defi_Rank,2022-05-12 20:16:59+00:00,"Crypto Crash: Why Bitcoin, Ethereum, and Dogecoin Are Falling Today - The Motley Fool
https://t.co/LictZxC3Qg
#DefiRank #BSCNews #CryptoNews #Cryptocurrency #DeFi #Bitcoin"
1524846117510336535,RektFtx,2022-05-12 20:16:59+00:00,"Hourly price Update üó£:
Bitcoin $BTC: 28636 $USDT
Ethereum $ETH: 1943.19 $USDT"
1524846110006726671,BeantownHodl,2022-05-12 20:16:57+00:00,"Why #Bitcoin only?

The view of a hedge fund manager.

https://t.co/pPAJtVb17P"
1524846107225903115,Kripto_Kontu,2022-05-12 20:16:56+00:00,A Golden Rule: Alt coins are not a good investment for long term. Only #bitcoin is a long term investment. https://t.co/9DPu0VtjoM
1524846106189910045,TradeRunnr,2022-05-12 20:16:56+00:00,@dezmondOliver Did you also buy the dip on Bitcoin?
1524846104575102988,_sha256_512,2022-05-12 20:16:56+00:00,@davidmarcus @lightspark The best of things will be built on #Bitcoin Congratulations üéâüéâ
1524846101844529152,gladstein,2022-05-12 20:16:55+00:00,"@BryceGruber @BillyM2k @Thewatchmann22 @saylor That‚Äôs exactly what has happened and what will happen, which is why I think it‚Äôs important to enable bitcoin users to peg some of their value to dollars"
1524846099726487576,bitcoin_bullets,2022-05-12 20:16:55+00:00,"@theRealKiyosaki Instead of this ridiculous advice (many of your followers will now miss out on BTC completely), why not spend some time learning more about Bitcoin?  It would serve you better than simply trying to time the market.  #DCA"
1524846096903720980,douglastom60,2022-05-12 20:16:54+00:00,"I wouldn‚Äôt consider this the best price action to call it a ‚Äúbottom‚Äù. 
More red is likely and I‚Äôm holding short positions. 
#Bitcoin¬†¬†  #btc https://t.co/wTrw2TSdNa"
1524846092508090385,wowjesus911,2022-05-12 20:16:53+00:00,"Never saw this as a good investment draw ü§∑üèΩ‚Äç‚ôÄÔ∏è
https://t.co/1AXj4uNyNt"
1524846091610509335,towelie375,2022-05-12 20:16:53+00:00,@UberFacts Sell bitcoin 60000
1524846091287547920,JohannVillalvir,2022-05-12 20:16:53+00:00,"Right now would be a great time to get a Bitcoin backed loan

Margin call at 8k

Refi at 100k

1% rate"
1524846087583850496,muyaoLincc8989,2022-05-12 20:16:52+00:00,"@GirthyRibz Perhaps many people are now waiting for bitcoin to rise, but we are all waiting for the results, and we don't know what the results will be"
1524846086107451392,Decentraleyezd,2022-05-12 20:16:51+00:00,"I‚Äôve been buying small amount of bitcoin on an automatic weekly buy, for 2 years now. Buy in big on dips like these."
1524846085994336295,2crazylive,2022-05-12 20:16:51+00:00,"What defines true champions is the way they recover after a loss.

#NFT #Bitcoin $BTC"
1524846084023013384,urlocaldrummer,2022-05-12 20:16:51+00:00,How‚Äôs that crypto going bro üòÇ?  https://t.co/odaiMbylxl
1524846083876212743,BITCOINQUEST82,2022-05-12 20:16:51+00:00,"@SatLeTissier I've been trying to live a bitcoin standard for a few years now, 
do you use bitrefill, if not start 
next time btc is up, stock up on what you need from bitrefill, and when btc price drops, you have a rainy day fund stashed away on bitrefill 
+you get sats back on purchases üëç"
1524846083608047616,Bitcoin_Rajya,2022-05-12 20:16:51+00:00,@Pentosh1 @CryptoCred @AltcoinPsycho Justfuck new dating app soon launching by Justin Sun after he implodes tron like Luna
1524846079702880275,cryptoalerted,2022-05-12 20:16:50+00:00,BitAlphaCoin (BAC) went up 15.9 percent in the last 1 minutes on https://t.co/rgEAV9gIXu. #BAC  #crypto #bitcoin #cryptocurrency #btc #ethereum #blockchain #eth #trading #altcoin #binance #cryptonews
1524846077823832067,KimboSlice4Life,2022-05-12 20:16:49+00:00,@Epsteins_Mom @sumokat @CNBC @Fidelity Bitcoin is being used as currency already at some places and at the rate the country is going it‚Äôll be worth more than the USD at some point.
1524846076959805453,DAVID88704825,2022-05-12 20:16:49+00:00,@BlackKnight10k It's funny that some of the reasons for bitcoin (and other cryptos) was for an inflation hedge.. an *inflation hedge*. Am I missing something here?
1524846071058419729,engiveninc,2022-05-12 20:16:48+00:00,"What's the big deal about #Bitcoin? 

‚û°Can your nonprofit accept bitcoin? Engiven is a world-class technology platform for nonprofits to accept and exchange cryptocurrency donations. Click on the link below to get started. 

https://t.co/vXEkil7e5f

#crypto101 #Bitcoin2022 https://t.co/LVYrntsDcZ"
1524846068638306315,vlamhlongovic,2022-05-12 20:16:47+00:00,David Marcus unveils new startup focused on Bitcoin and Lightning backed by a16z and Paradigm https://t.co/JxFOSDiNhj
1524846065903620110,CapdeCabo,2022-05-12 20:16:47+00:00,"MoominHunter found #bitcoin in a Blue vault at this location! Join me playing #coinhuntworld, It's awesome! https://t.co/XX00dljMRr #cryptocurrency #2756718 https://t.co/N49Hx6u1Sd"
1524846054780325928,dynamicpricers,2022-05-12 20:16:44+00:00,"Lots of discussion around crypto this week, and a very cool sponsor activation by the @nyknicks and @coinbase to fans that renewed tickets by offering $50 in bitcoin. https://t.co/kOBhuwrqPb"
1524846045980676126,tueressatoshi,2022-05-12 20:16:42+00:00,double dare: try it on #bitcoin https://t.co/8hdXSsOeED
1524846045200535578,HeroicLife,2022-05-12 20:16:42+00:00,"Bitcoin self-custody suffers from a ""tragedy of the commons.""  Users who delegate their keys to a provider are freeloaders who want to benefit from the value Bitcoin provides but are sabotaging the decentralization of the network, which is its very raison d'√™tre."
1524846041517936651,Jmsv73,2022-05-12 20:16:41+00:00,BITCOIN PUMP? GET TO THE BOTTOM! #BTC #ETH https://t.co/RkAqKcSgHL via @YouTube
1524846033632743424,adambaitch,2022-05-12 20:16:39+00:00,"@CryptoMichNL #Bitcoin is a Veblen good. Demand won't recover now until the price does. 
https://t.co/xNDe6vgSeJ"
1524846032659566606,JayRod212,2022-05-12 20:16:39+00:00,@FrancisFuturama I thought bitcoin was going to protect them from economic downturns. https://t.co/xMs7DQubGc
1524846031346749442,joelsnft,2022-05-12 20:16:38+00:00,@SabianNFT Bitcoin üíé
1524846030113624064,donzerimoon,2022-05-12 20:16:38+00:00,@rovercrc Forget Bitcoin and come and save Luna. You want Blockchain?? Come and save Luna
1524846029924757506,Brillianture,2022-05-12 20:16:38+00:00,Tesla's bitcoin bet likely under water as crypto crashes https://t.co/oTC63evuBu
1524846018340311040,OxiDeFi,2022-05-12 20:16:35+00:00,"3rd #Bitcoin crash I warned about less that 3 days in advance.

If only I could predict stablecoin crashes just as well.
All that foresight didn't save me from $UST disaster.

Always diversify.

#BTC $BTCUSD $BTC $BNB $ETH $ADA $DOT $BAT https://t.co/ufh2wmyM33 https://t.co/wZ6z9eMsPW"
1524846016272420865,Orlayinkah,2022-05-12 20:16:35+00:00,"Hey I joined a network called SurveyJ and earned $117,247 today! You get paid for surveys and posting on social media. Sign up with my link for an instant $40 signup bonus! https://t.co/QzPpk8gjLs #SurveyJ #cashapp #bitcoin"
1524846015634886691,JETTN1,2022-05-12 20:16:35+00:00,"More than $200 billion erased from entire crypto market in a day as sell-off intensifies
https://t.co/QN2Ju59aQ3"
1524846012778565652,bitty_bot,2022-05-12 20:16:34+00:00,"Try https://t.co/HKtkIHAoyI only ¬£23,727.61 per BTC. (BPI +1.76%) #buy #bitcoin #banktrans"
1524846012304863232,zelovata,2022-05-12 20:16:34+00:00,I have chosen and completely believe in this project. One of the most promising and successful projects to date! I advise everyone to join and follow the development.  #IKONIC #CRYPTO #BSC #BINANCE #BITCOIN https://t.co/lhEo16GLWx
1524846011277000704,borges_narvaez,2022-05-12 20:16:34+00:00,"I am claiming my free Lightning sats from @_bitcoiner's zesty faucet! ‚ö°

@boltcoiner unlock me cb45dc9e-5a1b-4887-8106-b65fb0cd47f6

#Bitcoin #BTC #LN #LightningNetwork #boltcoiner
https://t.co/2dhIYjbMCd"
1524846009716723727,usdigestnews,2022-05-12 20:16:33+00:00,"Nasdaq partners with XP to launch cryptocurrency exchange in Brazil
#crypto #dogecoin #bitcoin
 https://t.co/UDH1MW0eaw https://t.co/8UGb3fdPzp"
1524846002699522048,satoshi34694167,2022-05-12 20:16:31+00:00,@Im_MasudKhan @Xentagz Pro tip: One can become a Bitcoin Maximalist without becoming an asshole. #Bitcoin
1524845996504666124,ozlem_dt,2022-05-12 20:16:30+00:00,Bitcoin is now identified as a virtual legal asset by the Shanghai High Court‚ÄºÔ∏è@karincatraders https://t.co/P1WEdiElr4
1524845983884005390,moneroboating,2022-05-12 20:16:27+00:00,"Bitcoin's path is clearly headed towards total regulation and centralization with Asics. Towards not being able to spend Bitcoin if not bought with KYC and completely linked to your ID. That's why the @wef is supporting BTC and its lightning network. Be free, use #Monero üè¥‚Äç‚ò†Ô∏è"
1524845975004663808,sweetburgercom,2022-05-12 20:16:25+00:00,#bitcoin is now $28481 #28K https://t.co/3Bqf747aL8
1524845973997924353,Winnie53977089,2022-05-12 20:16:25+00:00,@Fernand75409706 @AmoneyResists @elonmusk What do you think about the trend of Bitcoin?
1524845968205697051,llamamarket,2022-05-12 20:16:23+00:00,"#bitcoin #hex #PulseChain #HoneyBees

When I created https://t.co/DjyANZ0W60 logo, I wanted it to be fresh &amp; different

The thought, when price chart ripped over time people who missed out would grow to hate the logo

Problem is people want to be apart of badass &amp; classy thingsü§ç https://t.co/jmMHpGBaFZ"
1524845964317573120,SkullEric83,2022-05-12 20:16:22+00:00,"CyptoKing found #bitcoin in a User vault at this location! Join me playing #coinhuntworld, It's awesome! https://t.co/cJHr0Vtauu #cryptocurrency #54328 https://t.co/olUc2dMpa4"
1524845963327639553,wallsugiono,2022-05-12 20:16:22+00:00,"I am claiming my free Lightning sats from @_bitcoiner's zesty faucet! ‚ö°

@boltcoiner unlock me aae201b9-7665-4396-8bd4-b5b738e61b99

#Bitcoin #BTC #LN #LightningNetwork #boltcoiner
https://t.co/FnDmzd6u09"
1524845956138946560,TiaraFasya3,2022-05-12 20:16:20+00:00,"@PAWstronaut13 $PAW looks so innovative and impactful, happy to take participate in such huge project. You guys are very hard working and I am pretty sure you will reach to the moon very soon. üî•

üêªüêòü¶îüêíü¶Åüê¥üêîüêáüêñü¶ù üêïüêà

#shib #doge #crypto #bitcoin #memecoin #cryptocurrency #altcoins"
1524845949838839829,RealCarlAllen,2022-05-12 20:16:19+00:00,"@RigelOrionBeta @TheKitastrophe @TheDCSentinel @SilvermanJacob Ohhhh okay I got it.

""Bitcoin's price is pure speculation. That's why it's a scam.""

""Speculations are scams. Got it""

""I didn't say speculations are scams.""

Just to recap.

Now, prove that bitcoin's price is ""pure speculation"""
1524845940691316737,arjunaanjani1,2022-05-12 20:16:17+00:00,"This zesty faucet from @_bitcoiner is making me tweet this to claim my free Lightning sats. ‚ö°

@boltcoiner unlock me 99522927-4c73-4b5a-ad81-5564d3006e34

#Bitcoin #BTC #LN #LightningNetwork #boltcoiner
https://t.co/gMIPpNFu5B"
1524845931375513619,CryptoMaoZeLong,2022-05-12 20:16:14+00:00,"@0x_Messi üíØ at worst you regret it in a ""haha i paid a bitcoin for a pizza"" way and probbly not even"
1524845928351420443,Cloudnician,2022-05-12 20:16:14+00:00,"Crypto Carnage is exploding across the board. And swarms of flies were all in this A$$ET class and are now hemorrhaging money like a Fauci Gain-of-Function grant.
https://t.co/z5g4u73X5d"
1524845923746074644,Bitcoin_phan,2022-05-12 20:16:13+00:00,@Gunasgazet @BitcoinMagazine Lol wut?
1524845921309184016,bitcoin216,2022-05-12 20:16:12+00:00,Could Bitcoin be used to circumvent sanctions against Russia? | DW¬†News https://t.co/SUhPIDIj9H
1524845919610490919,defihotaf,2022-05-12 20:16:12+00:00,"gladita found #bitcoin in a User vault at this location! Join me playing #coinhuntworld, It's awesome! https://t.co/6kEAOK58OC #cryptocurrency #126052 https://t.co/UDEEbpkbLv"
1524845915999195147,humourme1234,2022-05-12 20:16:11+00:00,"Laser eyes (synonym)- stupid people!

#bitcoin https://t.co/P3eB0s8gXm"
1524845912392093732,BitPLATES,2022-05-12 20:16:10+00:00,"Whenever I'm feeling disappointed about my shortage of #Bitcoin, I quickly remind myself how lucky I am to actually recognise this... Many don't.

#StackSats
#DCA
#BTFD https://t.co/j9hZ3qRobe"
1524845909053427738,Greedisbest,2022-05-12 20:16:09+00:00,@amlivemon Bukele can start rebranding Bitcoin City into Shithole City.
1524845906461347845,cryptokxne,2022-05-12 20:16:09+00:00,literally defeats the point of being an exchange. üòÇüòÇü§ï #bitcoin #LUNA #TerraUSD #Lunacrash
1524845899008073728,SGabrielaAndra,2022-05-12 20:16:07+00:00,Not surprising. Most roads tend to -eventually- lead to #Bitcoin https://t.co/5LMrG6rHcp
1524845895233155072,SportsbookBTC,2022-05-12 20:16:06+00:00,Philippe Coutinho: Barcelona player joins Aston Villa permanently https://t.co/JLOYAedbTA ‚ü∂ via https://t.co/0I4IIflkwI https://t.co/ivrugxp88P
1524845893031186461,HeroicLife,2022-05-12 20:16:05+00:00,"Yes, for most people, delegating custody is safer than self-custody, but financial self-sovereignty is what makes Bitcoin so important for the future of our civilization."
1524845891755966464,Padraic92996190,2022-05-12 20:16:05+00:00,"@dogecoin_empire That would probably mean that Bitcoin became the AOL of the internet and #Doge would be the Google..
#DoOnlyGoodEveryday
I'm buying #dogecoin..."
1524845891454001152,crypto__mak,2022-05-12 20:16:05+00:00,3 reasons why bears aim to pin Bitcoin below $30K for this week‚Äôs BTC options expiry https://t.co/fFtsFySvhi #markets #options #derivatives #FED #stocks
1524845890401280000,D_E_C,2022-05-12 20:16:05+00:00,All my bitcoin investment going down the drain. I‚Äôm going need to borrow some cash from one of them Cosmo employees that just got $5K
1524845886244651008,SPORTSCIRCUSINT,2022-05-12 20:16:04+00:00,US stocks trade mixed as investors digest latest inflation data https://t.co/RBgyplpezM https://t.co/tdRc0SnDko
1524845886123020288,SportsbookBTC,2022-05-12 20:16:04+00:00,Greg Norman's comments on Saudi Arabia 'wrong and seriously misguided' - Amnesty International https://t.co/X3EGCR83iQ ‚ü∂ via https://t.co/0I4IIflkwI https://t.co/XRmaFQ4wOX
1524845882876776456,DCA_Cryptoz,2022-05-12 20:16:03+00:00,"Tezos current price $1.70
$XTZ 7D Price action 
Trending down üìâ

Next day or so forecast
a #BTFD opportunity with a
potential move down towards $1.07
Invalidated at: $1.89
Confidence: 69%
DYOR &amp; have a plan
Bitcoin PA can change everything https://t.co/q0iOi25e1K"
1524845882667061254,cryptoalerted,2022-05-12 20:16:03+00:00,ShoeFy (SHOE) went down 31.5 percent in the last 1 minutes on https://t.co/rgEAV9gIXu. #SHOE  #crypto #bitcoin #cryptocurrency #btc #ethereum #blockchain #eth #trading #altcoin #binance #cryptonews
1524845876597903363,cryptoalerted,2022-05-12 20:16:01+00:00,Bounty0x (BNTY) went down 11.3 percent in the last 1 minutes on https://t.co/rgEAV9gIXu. #BNTY  #crypto #bitcoin #cryptocurrency #btc #ethereum #blockchain #eth #trading #altcoin #binance #cryptonews
1524845870570688532,mikeinspace,2022-05-12 20:16:00+00:00,"@_PeterRyan Had to sell the car.

Bitcoin Living Under the Bridge Talk"
1524845869584986112,100xAltcoinGems,2022-05-12 20:16:00+00:00,"What‚Äôs the next low cap #GEM to blow up?? üöÄ üåô

#Metaverse #100xgem #1000xgem #BSC #AVAX #Bitcoin #NFT 
#SOL #ETH #velas"
1524845867668230151,thedestrukt,2022-05-12 20:15:59+00:00,@fernandezpablo Ves al $bitcoin en $18.000?
1524845865894039587,Ivan_7482,2022-05-12 20:15:59+00:00,@Arnold_ETH @ksicrypto He still made a fuckton through his Bitcoin short
1524845864534937600,tejas_varma,2022-05-12 20:15:59+00:00,"And Yes !!!! it's happening !! 

It's happening like never before in the history !!! üî•üî•üî•üî•

Trend On üëá
#LUNARecovery 

#Trending #Luna #Terra #TerraUSD #Lunacrash #cryptocurrency #DeFi #Bitcoin https://t.co/6jtS14D56q"
1524845860529524764,__Petrovsky,2022-05-12 20:15:58+00:00,bitcoin üìâ
1524845856381358084,Chart96,2022-05-12 20:15:57+00:00,According to the moon phases the 18th is a pump day for #BitcoinüëÄ
1524845855156621343,nazir_naz,2022-05-12 20:15:56+00:00,Can Sagaworld Kill eBay And Amazon by Blockchain Power? Truth Unmasked ‚Äì Sagaworld #CryptoCurrency #bitcoin via https://t.co/melejV0e89 https://t.co/NtoYfzJRbu
1524845853772378112,JoeSlacker5,2022-05-12 20:15:56+00:00,"Even with everything happening ... did I buy bitcoin today... yeah... I spent 20 bucks on it.  But I would also spend that much at the movies.  Will I be selling it anytime soon?  Nope, probably not for a decade+. Also-My normal investing is really boring, Warren Buffet style."
1524845845274841111,denverbltcoln,2022-05-12 20:15:54+00:00,"Next time you encounter the ‚Äúbitcoin uses too much energy and is destroying the planet‚Äù crowd ‚Äî show em this video.

nic__carter
 maybe this will save you some time Ôøº  

$BTC https://t.co/4j6tf0MyxA"
1524845844146573326,GrandisonJoshua,2022-05-12 20:15:54+00:00,"@NicheNickSayre @PatStaresAt Oh man, his big deficit balancing plan was to just bet on bitcoin. Holy shit. https://t.co/UUXQ4V3AqZ"
1524845842821173270,AnonAno86481585,2022-05-12 20:15:53+00:00,"@datarade If you want to try another put play you can easily buy puts on $BITO. I have some. This tracks the bitcoin futures, so you can take a bearish position without any crazy mechanics."
1524845840317259776,JohnXCassidy,2022-05-12 20:15:53+00:00,@MMCrypto Everybody needs to sell their shitcoins for bitcoin
1524845838895304708,SCryptonanda,2022-05-12 20:15:52+00:00,"@100trillionUSD ""The worst of them are scams such as Ripple and XRP that offer nothing new to the market, but sell a false promise of a blockchain implementation without a blockchain."" Satoshi aka: https://t.co/7HocHb6p8s https://t.co/lXpLZpuiuk"
1524845833841168396,FabVajra,2022-05-12 20:15:51+00:00,"On 1M TF MACD pretty horrible yet (maybe on reversal) while RSI shows $BTC could be close to the bottom. Apart from the Covid crash 2 times #BTC went below the 21 MA 1M TF, if #bitcoin repeats the last one around 20K should be the bottom. viva $BTC https://t.co/YW5zeKVVTJ"
1524845830963875856,cryptoalerted,2022-05-12 20:15:51+00:00,Anchor Protocol (ANC) went up 11.0 percent in the last 1 minutes on Binance. #ANC  #crypto #bitcoin #cryptocurrency #btc #ethereum #blockchain #eth #trading #altcoin #binance #cryptonews
1524845822243917843,RobinSeal7,2022-05-12 20:15:48+00:00,@ablock8888 @Sasan81061960 People said that about Bitcoin and Shiba - Everything has to start somewhere #SHIBNOBI WILL WEATHER THE STORM AND COME BACK STRONGER THAN EVER
1524845814765473808,OptionsAlerts1,2022-05-12 20:15:47+00:00,"$POSH - Poshmark Q1 GAAP EPS of $0.18 beats by $0.43.
Shares +2%.
--
#optionstrading  #optionstrader #optionstrategy #SwingTrading #StockMarket  #Bitcoin #trading #Daytrader #stocks
https://t.co/lK1lvJ2l1O"
1524845813603651599,CryptimeBomb,2022-05-12 20:15:46+00:00,"What if? 
FOMC plan is a success and US recovers from this shithole. 
S&amp;P and Nasdaq make one final run.
Bitcoin also correlates and runs.
Neither hitting a new ATH.
Recession hits 2023-2024.
And back down we go.

This is possible, although everything is bloody atm."
1524845813561708562,OptionsAlerts1,2022-05-12 20:15:46+00:00,"$TWTR - Twitter freezes hiring, cuts costs as key leaders ousted amid deal turmoil
--
#optionstrading  #optionstrader #optionstrategy #SwingTrading #StockMarket  #Bitcoin #trading #Daytrader #stocks
https://t.co/lK1lvJ2l1O"
1524845808947974175,OrazgaliAzamat,2022-05-12 20:15:45+00:00,"@MetawarOfficial Great project. I think this project is well-known among crypto geeks. Good jobüëç
#bitcoin #UTK #SUSHI"
1524845808444657670,nick_garland20,2022-05-12 20:15:45+00:00,"‚ÄúYour funds are safe unless we go bankrupt‚Äù

Take your bitcoin off the exchanges. https://t.co/rsh2nWnnMa"
1524845804972032000,parul0173,2022-05-12 20:15:44+00:00,"@altcryptocom Am buying more $FBT of 
@fibitpro

#Fibitproexchange enables buy or sell #Bitcoin and other #cryptos in real time, 24/7 with only max $1 or 0.1% fees whichever is less. https://t.co/EzqSUe0XpC"
1524845803499573261,MjMitt88,2022-05-12 20:15:44+00:00,"@Chelsea2683 I won't lie I think it'll get ugly. 

I'm expecting $BTC to drop to $18-20k soon. If that doesn't hold then $10k would be the next gap down based on chart analysis.

#Crypto will follow #Bitcoin but with more volatility.

With all that said I will be picking some up at those lvls"
1524845802325168159,bigshibowski,2022-05-12 20:15:44+00:00,@UberFacts Buy Bitcoin 2011
1524845800148324371,Bitcoin_Benji,2022-05-12 20:15:43+00:00,@xpugHODL Shhhh... I'm not done stacking yet.... Don't tell them.
1524845793047216129,KPhoto,2022-05-12 20:15:41+00:00,"Pont des Arts bridge in Paris, France. #NFT Let's enjoy the new world.  #NFTs  #NFTart  #NFTcreator #nftcollector #NFTartist #NFTCollection  #NFTartCollection #Digitalart 
#NFTCommunity #nftphotographer 
#Bitcoin https://t.co/d110JzCqaC"
1524845792904761377,ScarceCityBot,2022-05-12 20:15:41+00:00,"üö®  New bid for Lightning Bitcoin - 1 of 2 and 2 of 2 by Egge üö®

‚ö° 4 mins, 59 secs remaining ‚ö°
https://t.co/1J1axNtvUU"
1524845787515080739,Satoshi_Fever,2022-05-12 20:15:40+00:00,"@TuurDemeester Through pain to truth. Sadly seems to be the (only?) way for many.

#Bitcoin"
1524845784767811606,KASDad,2022-05-12 20:15:40+00:00,"$MSTR got some relief w/ a lift in #Bitcoin. I was wondering if their Board of Directors had checked their E &amp; O insurance of late? Better yet, had they checked it before Saylor began his great experiment? https://t.co/jtopzVlsR0"
1524845781924073484,madbak,2022-05-12 20:15:39+00:00,@enzympb Are saying Angel Gabriel dey take Bitcoin for entry ?
1524845776140128280,mikedomeniconi,2022-05-12 20:15:37+00:00,@TurtleDick9 @PeterSchiff @ericaltm He sells bitcoin? Cmon dont be funcionally illiterate
1524845773828984832,D2n8899,2022-05-12 20:15:37+00:00,"@saylor The bitcoin supply was only 21 million BTC. And his requests keep coming. Which means, from the side of supply and demand, they are clearly more stable than other crypto."
1524845773409636380,BostonSatire,2022-05-12 20:15:37+00:00,"Trading two cases of baby formula for 5 gallons of gas. Exchanging five volatile bitcoin for high demand electric vehicles. Trading 100 Red Sox tickets for a bottle of Heinz Ketchup. In Joe Biden‚Äôs economy, Americans are getting creative to deal with difficult times"
1524845761179045920,ky1estorey,2022-05-12 20:15:34+00:00,"@Kellykellam One lesson to be learned during this Bitcoin cycle. Take bullish and bearish cases with a grain of salt. Also, hope this feeling sticks around so people don‚Äôt get too greedy next time."
1524845759069188097,DFSGeir,2022-05-12 20:15:33+00:00,"@CalvinAyre @geckkoastruss @bullish_art @brandonbryant02 The utility might not depend on the token price, but it would be nice if those that did the right thing and backed the real #Bitcoin ended up benefitting from that decision. Those gambling on scams have had plenty of chances to cash out in profit - our time needs to come!"
1524845743432945682,umair000787,2022-05-12 20:15:30+00:00,"It is very amazing and impressive project. This project will achieve great success in future because an amazing team working on it.
#MetapleFinance #Metaple #MLX #blockchain #cryptocurrency #technology #bitcoin #money #crypto #Binance #BNB #cryptocurrencies #fintech"
1524845736386514959,crthomas62,2022-05-12 20:15:28+00:00,"@BillyM2k @gladstein @Thewatchmann22 @saylor Don't sweat it man, Bitcoin maxi's gonna maxi...  It is what they do."
1524845718778925061,cryptoalerted,2022-05-12 20:15:24+00:00,Tether claims they were ready for this bank run #crypto #bitcoin #cryptocurrency #btc #ethereum #blockchain #eth #trading #altcoin #binance #cryptonews  https://t.co/l2rdMIS2T7
1524845716429910016,SeagerKershaw,2022-05-12 20:15:23+00:00,"@HeinousMacT @Russ_N_Starr @DianacBiggs @ValourGlobal @Teeka_Tiwari At the very least, Russ, Johann or someone should come out and assure shareholders that no fraud in the company might be accounting for the crazy drops which are far outpacing the drops in bitcoin.  Every shareholder I have spoken to is shocked at what is going on."
1524845705403191323,P4Provider,2022-05-12 20:15:21+00:00,"I have Physical Bitcoin ü§ëüòÇ

#Bitcoin #BTC #BitcoinCrash https://t.co/COAHlkzLf8"
1524845699719909379,CarolynMbuiya,2022-05-12 20:15:19+00:00,"@UberFacts Bitcoin, Apple stock, build credit,"
1524845698801356826,saoulidisg,2022-05-12 20:15:19+00:00,Love is bitcoin. Tiny dress poem. https://t.co/mIn4fCmzdP
1524845696142168069,bitistory,2022-05-12 20:15:18+00:00,"Are u ready for lucky eggs ü•ö #NFT only on #BSV !?

@egglrd @ricrossi1 @Cirus001 @relayxio @coinyeezy @ilia_obraztcov 
@XYZswap #NFTCommunity #Bitcoin https://t.co/9QPI2nKlmJ"
1524845690890899475,andyquanzhou,2022-05-12 20:15:17+00:00,"Everyone on Twitter when #bitcoin crashes: ‚Äúsee? I told you it was a scam!‚Äù

Also everyone on Twitter when #bitcoin reaches a new all time high: ‚Äúdamn I wish I bought some during the last crash‚Äù

Rinse and repeat every 4 years."
1524845684947570688,And1129,2022-05-12 20:15:16+00:00,"@LaneNuclear @RobertCMahon Bitcoin miners will always seek the lowest cost and most regular base-load energy. That means hydro power, nuclear, and solar. Bitcoin mines have and will be incentivized to use renewable energy because of cost and reliability."
1524845684884533248,RektUSD,2022-05-12 20:15:16+00:00,"Former bulltards aka Late bears turned bearish $28k shorting ü§¶üèªüòÇ

Now they‚Äôre calling for $17k üôÑ

(Do typing)

‚ÄúMfks‚Äù this shit has been dumping from $69k - $25k! 

Watch for those big accounts fail againü§ê

Bounce &amp; trap the former bulltards - like clockwork 

#Bitcoin #Crypto https://t.co/qx6SSwGAnU"
1524845684159041566,Blocknitycom,2022-05-12 20:15:16+00:00,"#Bitcoin Dominance Increases About 10% in Two Days 

#cryptocurrency #Altcoins #BTC #dominance #marketcap 

https://t.co/ya8SqFlFd3"
1524845679469809695,glassnodealerts,2022-05-12 20:15:14+00:00,"üìâ #Bitcoin $BTC NVT Signal (7d MA) just reached a 4-year low of 293.666

View metric:
https://t.co/NIjFezJMgN https://t.co/gx1wYdwjrZ"
1524845677263605789,KimboSlice4Life,2022-05-12 20:15:14+00:00,"@BourgaultGilles @AuggieNorth @CNBC ? Bitcoin is being used as currency already, you think it‚Äôll just stop at that and everything will just tank and disappear?"
1524845674935685120,Seoul_rainbow,2022-05-12 20:15:13+00:00,Elon Musk - Bitcoin 2025 Conference Dump?! Ethereum And Bitcoin Future I... https://t.co/Y9tdYngWaI - @YouTube
1524845674742829093,charleshayford1,2022-05-12 20:15:13+00:00,Bitcoin Q&amp;A: What Happens to our Bitcoins During a Hard Fork?: https://t.co/mmAa5KZcV4
1524845673626996736,IAmBitcoinBot,2022-05-12 20:15:13+00:00,Current #Bitcoin Price is $28533 #BTC #Crypto
1524845670288351232,ethanjack348,2022-05-12 20:15:12+00:00,"Its best time to buy #SweetSOL ...
#BSC #cryptocurrency #Binance #BTC #Bitcoin #Crypto #BSCGems #terraluna #luna #LUNAtics #Cryptocrash $Luna #BNB #BTC #Bitcoin #Crypto #cryptocurrency #bitcoincrash https://t.co/DCTmlvZJhT"
1524845667629289493,Crypto_W3_News,2022-05-12 20:15:12+00:00,"Coinbase experiencing major outage as crypto prices plummet - The Verge

 #Crypto
https://t.co/5fOms0SAep"
1524845662587736082,jswatz,2022-05-12 20:15:10+00:00,"Hard to believe I wrote this more than four years ago. Holds up.
 https://t.co/BmMa3JPvrD"
1524845659748061184,coinok,2022-05-12 20:15:10+00:00,1 BTC Price: Bitstamp 28469.22 USD #BTC #Bitcoin 2022-05-12 16:15 https://t.co/dLR8jDL2AM
1524845658678644760,robb1011,2022-05-12 20:15:09+00:00,@getetched @mconley11 To enrich their consituaints. Do you not know how this works? The only way to opt out is quit using their money. Bitcoin.
1524845657521016841,TheRealHoarse,2022-05-12 20:15:09+00:00,"That was fast. 

https://t.co/YLyVcfnTHv"
1524845656615047206,Cosmosaic2012,2022-05-12 20:15:09+00:00,@cuki_t @CryptoWhale Have fun staying poor Bitcoin Maxis
1524845656560398336,sahrajesh525,2022-05-12 20:15:09+00:00,üí•BREAKING: Facebook's ex-Head of Crypto just launched a #Bitcoin¬† payments startup!
1524845651388944403,Cornwatch21,2022-05-12 20:15:08+00:00,It‚Äôs becoming clear that this dip was the end of the crypto winter and the start of the bitcoin war https://t.co/yuHoswnmjz
1524845644711612447,fassila,2022-05-12 20:15:06+00:00,"Happening now -worth listening 
Elon Musk: Crypto 2022 Conference Dump?! Ethereum And Bitcoin Future Inv... https://t.co/PLxSL4pVWF via @YouTube"
1524845642853535760,OldManProjekts,2022-05-12 20:15:06+00:00,"Bitcoin Cash, the cryptocurrency that was created as a result of the Bitcoin hard fork, is now the third most valuable digital currency after Bitcoin and Ethereum. #cryptocurrency"
1524845638898307093,shadowdumby,2022-05-12 20:15:05+00:00,@UberFacts Buy bitcoin now
1524845637577101325,BizKnow1edge,2022-05-12 20:15:04+00:00,Cough cough black rock sliding them some money üòâ #bitcoin https://t.co/pcwLMVtrX3
1524845635995783168,TokyoCoinLive,2022-05-12 20:15:04+00:00,Bill Miller Remains Long-Term Bitcoin¬†Bull https://t.co/LbfxluT2DU
1524845634976632837,Betting_Offers2,2022-05-12 20:15:04+00:00,"7Bit The Bitcoin casino

Looking for a hybrid casino that offers a gaming experience for both cryptocurrencies &amp; currency? Then your quest for the best ends at 7 Bit Casino

No Uk Access
https://t.co/4G69cufufX
.
.
18+ GambleAware
#Casino #Slots #Bitcoin #Crypto.1 https://t.co/CJVcix0Zga"
1524845630144794661,JSD83339895,2022-05-12 20:15:03+00:00,"This zesty faucet from @_bitcoiner is making me tweet this to claim my free Lightning sats. ‚ö°

@boltcoiner unlock me 51105d6c-1fb3-404e-adac-6f4b517ce914

#Bitcoin #BTC #LN #LightningNetwork #boltcoiner
https://t.co/DXlzK1PlTv"
1524845628295106564,BtcNitrobetting,2022-05-12 20:15:02+00:00,"Our mBTC Buy-in Squares contests are stacked for tonight's #NBAPlayoffs Game 6! üèÄ

PRIZE POOL: 18.7 mBTC($520) combined

PICK YOUR SQUARES NOW: https://t.co/wyWQDjXalo

#NBAContest #BTC #BitcoinContest #NBASquares https://t.co/twWDmFBvJa"
1524845626474778655,nuworldcrypto,2022-05-12 20:15:02+00:00,"Ex-Facebook crypto chief David Marcus launches Bitcoin payments startup backed by a16z and Paradigm #crypto #nft #nfts #cryptonews #cryptocurrency #Bitcoin 
https://t.co/jhH0VyBzXg"
1524845624172040192,big_blockers,2022-05-12 20:15:01+00:00,"The current price of Bitcoin is $28636.00.
The current price of BCash is $195.67, or 0.00683301 BTC.
The current price of BCashSV is $50.85, or 0.25987632 BCash."
1524845623014477852,AlertingCryptos,2022-05-12 20:15:01+00:00,"[ $BTC ] Bitcoin  
Bill Miller Remains Long-Term Bitcoin Bull
 https://t.co/WKal8HIol7"
1524845617909932032,PamelaWarnstadt,2022-05-12 20:15:00+00:00,"SMART PASSIVE EARNINGS

 https://t.co/j8RfNLwLo9 

 #forex #trading #money #market #scalping #dollar #usd #trade #traders  #cad #stocks #average #tech #bitcoin #daytrading #investors #dubai #futures #btc #russia #china #usa #europe #moscow #uk  #environment #globalwarming #hot https://t.co/6jEDJfTvAA"
1524845615812857864,SolMaker7,2022-05-12 20:14:59+00:00,"@EllieFrost I like my Woman how I like my Bitcoin.

Over 60."
1524845613136814080,cyprianous,2022-05-12 20:14:59+00:00,"@HaYou_Ken @MarcDClair Here is me speaking about the cults of Bitcoin in long form in June of 2019.

If you don't know the answers to the questions you have posed, this would indicate that you are literally years behind in the conversation.

Hopefully this helps you catch up üôÇ

https://t.co/QyHfVkFn10"
1524845611161374726,BREAKYOURSHAX,2022-05-12 20:14:58+00:00,@nomadpinoy @CoinLedger I can have a #bitcoin transaction confirmed faster than any of the shitcoins in your bio ü•±
1524845603494187010,_LeoBTC,2022-05-12 20:14:56+00:00,"They ain‚Äôt lying üòÇ
#Bitcoin #BTC $BTC #Crypto https://t.co/4GfJAi3v44"
1524845595730530308,BigMetaFamily,2022-05-12 20:14:54+00:00,"META family member on 
@opensea
 
#nft #Ethereum #opensea #OpenSeaNFT #NFTCommunity #NFTs #NFTGiveaways #NFTProject #crypto #meta #ElonMusk #ERC20 #erc721 #web3 #nft3d #BitcoinButton¬†¬†¬†¬†¬†¬†¬†¬†¬†¬†¬†¬†¬†¬†¬†¬†   #bitcoin¬†¬†¬†¬†¬†¬†¬†¬†¬†¬†¬†¬†¬†¬†¬†¬†   #cryptoart #follow #followme #nftfollow #nftnews https://t.co/gS37k4n1ol"
1524845588671791104,parul0173,2022-05-12 20:14:53+00:00,"@BSCGemAlert Am buying more $FBT of 
@fibitpro

#Fibitproexchange enables buy or sell #Bitcoin and other #cryptos in real time, 24/7 with only max $1 or 0.1% fees whichever is less. https://t.co/e92DR9fzRQ"
1524845581545394215,whits23,2022-05-12 20:14:51+00:00,if bitcoin moons who will be pissed they didnt add another coin this week
1524845576113770507,Blockchainforus,2022-05-12 20:14:50+00:00,Famed #Bitcoin Enthusiast Max Keiser Hints That #Cardano‚Äôs #ADA Could Be Next To Collapse After LUNA https://t.co/lh1NHICGh5 via @NewsNowUK
1524845573676879891,VegatableSoup,2022-05-12 20:14:49+00:00,$21k - $23k lows are coming ! https://t.co/NYnPaoWwiw #bitcoin
1524845568966676509,BlasphemousBan1,2022-05-12 20:14:48+00:00,@RoelofBoer @edwnorris1 @Bob99292956 @WEschenbach @Veritatem2021 @SebCranberry @HmGinYYC @ClimateSkeptic4 @Roadshow11235 @jhgage1 @andrew_civil @BillBalzar @KeillerDon @dennywhite11 @CryptoPaul68_2 @bitcoin_eagle @LazyyReader @IPCC_CH @WMO @NASAClimate @NOAA There is no question climate change is caused by greenhouse gases https://t.co/oKbPRXc9No
1524845567406317568,MaoistGF,2022-05-12 20:14:48+00:00,@fingers4teeth i spent my bitcoin on half a teaspoon of cocaine on silkroad ‚ù§Ô∏è
1524845563967066116,BigMetaFamily,2022-05-12 20:14:47+00:00,"META family member on 
@opensea
 
#nft #Ethereum #opensea #OpenSeaNFT #NFTCommunity #NFTs #NFTGiveaways #NFTProject #crypto #meta #ElonMusk #ERC20 #erc721 #web3 #nft3d #BitcoinButton¬†¬†¬†¬†¬†¬†¬†¬†¬†¬†¬†¬†¬†¬†¬†¬†   #bitcoin¬†¬†¬†¬†¬†¬†¬†¬†¬†¬†¬†¬†¬†¬†¬†¬†   #cryptoart #follow #followme #nftfollow #nftnews https://t.co/mLEHCLF1ja"
1524845562796855301,Cosmosaic2012,2022-05-12 20:14:47+00:00,"@CryptoWhale At 3:19 AM this morning, both Tether reached $0.95 and Bitcoin reached as low as $26,350...hmm..."
1524845556308267027,jessjamesjones,2022-05-12 20:14:45+00:00,@PeterDiamandis Fiat money disrupted by #bitcoin
1524845545709539328,uay_teh,2022-05-12 20:14:43+00:00,"This zesty faucet from @_bitcoiner is making me tweet this to claim my free Lightning sats. ‚ö°

@boltcoiner unlock me 32b64e10-33b9-4c3a-bff5-65c13564f892

#Bitcoin #BTC #LN #LightningNetwork #boltcoiner
https://t.co/r5xrFrcp7w"
1524845540206583808,sridarwanto,2022-05-12 20:14:41+00:00,"congrats to who bought $LUNA at bottom price..
#safe your #FIAT first 

#Lunacrash #LUNA #bitcoin #btc"
1524845537551339542,DemApples00,2022-05-12 20:14:41+00:00,"#Bitcoin¬†¬†¬†MOTHER OF CRASHES TO $12-$15K üí©üí©

#Crypto is broken #LUNA #UST #Tether STABLECOIN BACKED BY üí©üí© üí©üí©

#Bitcoin¬†¬†#Apple #Link  #ADA #XRP  #cryptocurrency #Blockchain #Grayscale #LTC #DOGE #Dogecoin #litecoin #BCH #Polkadot #ElonMusk  #Paypal #ETH #Tesla #Twitter https://t.co/CMItIw7H0F"
1524845531012419591,Tronmining06,2022-05-12 20:14:39+00:00,"üîä BitCoin Mining 1000% Legit
Register Web ‚§µÔ∏è

https://t.co/HtActWlgla

‚úÖ Enter your e-mail
‚úÖ Enter Your Verification Code
‚úÖ Enter Password + Complete Password
‚úÖ Download App
‚úÖ Login 
‚úÖ Click Mining
‚úÖ Completed Verification KYC ( Easy KYC )

‚û°Ô∏è KYC BitCoin Mining 
#Btcs https://t.co/fbDPiEKvTO"
1524845530437799951,BigMetaFamily,2022-05-12 20:14:39+00:00,"META family member on 
@opensea
 
#nft #Ethereum #opensea #OpenSeaNFT #NFTCommunity #NFTs #NFTGiveaways #NFTProject #crypto #meta #ElonMusk #ERC20 #erc721 #web3 #nft3d #BitcoinButton¬†¬†¬†¬†¬†¬†¬†¬†¬†¬†¬†¬†¬†¬†¬†¬†   #bitcoin¬†¬†¬†¬†¬†¬†¬†¬†¬†¬†¬†¬†¬†¬†¬†¬†   #cryptoart #follow #followme #nftfollow #nftnews https://t.co/4NhDoIlJJ1"
1524845528537673728,Enthef,2022-05-12 20:14:38+00:00,#bitcoin going to 1mil
1524845520618934303,MesquitecoE,2022-05-12 20:14:37+00:00,@CoinDesk @chainalysis @gronager @Nexo The problem is bitcoin and the top 10 coins have all been compromised by institutions and manipulators. Small/Middle cap is where the opportunity is. I don't know a single trader that's looking to jump on the bitcoin train.
1524845513165656075,Celynewealthy,2022-05-12 20:14:35+00:00,You will never hear the noise once the breakout starts happening #bitcoin
1524845511710105600,Gavin_Needham,2022-05-12 20:14:34+00:00,@ryanchernesky @maxfawcett Bitcoin is also way the fuck down. People are losing their livelihoods and all their savings because of scammers like you.
1524845508321157121,0xTimTam,2022-05-12 20:14:34+00:00,"üá¶üá∫ #Bitcoin (BTC) Arbitrage occured in Australia ‚Äº
  ‚úÖBestAsk Exchange:Binance_au
  ‚¨áPrice (BUY): 1BTC = 40,918 AUD
  ‚úÖBestBid Exchange:Swyftx
  ‚¨ÜPrice (SELL): 1BTC = 41,428 AUD
 üí∞üí¥Trading Profitüí¥üí∞510 AUD
#BTC #Australia #BTCAUD #Aussie"
1524845500817625090,BigMetaFamily,2022-05-12 20:14:32+00:00,"META family member on 
@opensea
 
#nft #Ethereum #opensea #OpenSeaNFT #NFTCommunity #NFTs #NFTGiveaways #NFTProject #crypto #meta #ElonMusk #ERC20 #erc721 #web3 #nft3d #BitcoinButton¬†¬†¬†¬†¬†¬†¬†¬†¬†¬†¬†¬†¬†¬†¬†¬†   #bitcoin¬†¬†¬†¬†¬†¬†¬†¬†¬†¬†¬†¬†¬†¬†¬†¬†   #cryptoart #follow #followme #nftfollow #nftnews https://t.co/9hjYNRLEma"
1524845495809626144,UmerMohmand,2022-05-12 20:14:31+00:00,"@DrSabirkhanktk @UmarGhafoorKha1 xma bitcoin khars ka , sabir sara already 3 billion dollars crypto da"
1524845493762805777,marco_thelion,2022-05-12 20:14:30+00:00,@theRealKiyosaki So you will not buy more #Bitcoin because it will never see these prices
1524845483402874887,ScarceCityBot,2022-05-12 20:14:28+00:00,"üö®  New bid for Lightning Bitcoin - 1 of 2 and 2 of 2 by Egge üö®

‚ö° 3 mins, 50 secs remaining ‚ö°
https://t.co/1J1axNtvUU"
1524845477409214490,AlexRosu1989,2022-05-12 20:14:26+00:00,"#AI #WEB3 #data #java #bitcoin #machinelearning #CodeNewbie #networkmarketing #marketing #100DaysOfMLCode #InternetOfThings 

Concentrate all your thoughts upon the work in hand. The sun's rays do not burn until brought to a focus.

14 days FREE access =&gt; https://t.co/VhenbEHoM5"
1524845477161750546,SandyBitcoin,2022-05-12 20:14:26+00:00,"Have I ever told you why I love Bitcoin ? Well right now is one perfect example. Chaos, panic and blood on the streets and Bitcoin just carries on its path. Tick tock ....."
1524845473760448512,parul0173,2022-05-12 20:14:25+00:00,"@CryptoGemsCom Am buying more $FBT of 
@fibitpro

#Fibitproexchange enables buy or sell #Bitcoin and other #cryptos in real time, 24/7 with only max $1 or 0.1% fees whichever is less. https://t.co/PRcr0lH2IS"
1524845472619597824,rhodium_crypto,2022-05-12 20:14:25+00:00,Head &amp; Shoulders bottom? $BTC #Bitcoin #Crypto https://t.co/CcrDDhqEWP
1524845472350752768,D2n8899,2022-05-12 20:14:25+00:00,"@TheCryptoLark The bitcoin supply was only 21 million BTC. And his requests keep coming. Which means, from the side of supply and demand, they are clearly more stable than other crypto."
1524845471709151232,BigMetaFamily,2022-05-12 20:14:25+00:00,"META family member on 
@opensea
 
#nft #Ethereum #opensea #OpenSeaNFT #NFTCommunity #NFTs #NFTGiveaways #NFTProject #crypto #meta #ElonMusk #ERC20 #erc721 #web3 #nft3d #BitcoinButton¬†¬†¬†¬†¬†¬†¬†¬†¬†¬†¬†¬†¬†¬†¬†¬†   #bitcoin¬†¬†¬†¬†¬†¬†¬†¬†¬†¬†¬†¬†¬†¬†¬†¬†   #cryptoart #follow #followme #nftfollow #nftnews https://t.co/I66yaGgQcZ"
1524845465124098074,chowcollection,2022-05-12 20:14:23+00:00,@russeree @satofishi Does almost everyone have to find out the hard way? Or are there better and less destructive ways to get there? I don't know. Being #Bitcoin-only in your actions as an individual is a good start
1524845461580005376,CryptoCuneyt,2022-05-12 20:14:22+00:00,"@stablekwon @TheBullduck I urge investors who believe in every cryptocurrency to battle to defend crypto against the traditionalist market and the inflationary reserve currency, the dollar. If each of us bought $100 LUNA, it's not for profit, it's done. Save $LUNA, crypto market and #Bitcoin"
1524845453308743686,tomheaney,2022-05-12 20:14:20+00:00,@TheRealHoarse The bitcoin bros are worse than the Elon only fans trolls.
1524845450892824628,CentralChartsEN,2022-05-12 20:14:20+00:00,"$BTC $BTCUSD #BITCOIN @Bitcoin - 15 min.: All elements being rather bearish, it would be possible for traders to trade only short positions (for sale) on BITCOIN - BTC/USD as long as the price... https://t.co/bNOioIE3mz"
1524845450846687246,NatlukCommunity,2022-05-12 20:14:20+00:00,"Advantage Bitcoin, Michael Saylor Predicts Big¬†Shakeout https://t.co/niLUxN3CkF"
1524845449542356992,Londinia_IA,2022-05-12 20:14:20+00:00,"$BTC $BTCUSD #BITCOIN - 15 min.: All elements being rather bearish, it would be possible for traders to trade only short positions (for sale) on BITCOIN - BTC/USD as long as the price... https://t.co/7CfP7abD62"
1524845445909991489,BeantownHodl,2022-05-12 20:14:19+00:00,@intocryptoverse Just buy Bitcoin in the accumulation phase and forget all the noise...
1524845429980266497,caoning11,2022-05-12 20:14:15+00:00,"Ex-Meta crypto chief David Marcus launches Bitcoin payments startup backed by a16z and Paradigm . After his departure from Facebook in November, many crypto industry insiders speculated where long-time executive David Marcus would land,"
1524845421583028239,DrSinanovic,2022-05-12 20:14:13+00:00,Imagine explaining someone from the 1990s that the nation is buying the dip of bitcoin? :) https://t.co/pLAFWEaLV2
1524845420526063641,campanafin,2022-05-12 20:14:13+00:00,@IOHK_Charles I think it's the #Bitcoin Whitepaper https://t.co/yeET0tGR5A
1524845420362485764,RizzlingNFT,2022-05-12 20:14:13+00:00,"#Raretoshi Top Sales of April '22 

First place @5Ksana ü•≥
Second &amp; third place @m3tavers3 üî•

@Raretoshi üß°
https://t.co/HVLyJMyt1O
#bitcoin #bitcoinart  #nftart https://t.co/hGxy3Uniir"
1524845416767815680,CryptoTraderPro,2022-05-12 20:14:12+00:00,Crypto Panic: Bill Miller Remains Long-Term Bitcoin Bull https://t.co/3EPl8JffLV üôã Bet with $BTC via ‚ü∂ https://t.co/4h0cyuWSHk ‚àö https://t.co/f9WEBpaUGm
1524845415463538702,Welljux,2022-05-12 20:14:11+00:00,Let‚Äôs push #LUNA back everyone. We can do this! #Crypto #cryptocurrency #Bitcoin https://t.co/9C3Vr6Eb4A
1524845415287377950,pablo_heman,2022-05-12 20:14:11+00:00,"I was just saying that $MSTR crashing to $168 signals that #Bitcoin¬† can go to $20K now, only 2 hours later, it went to $24k!üòÇüòÇ Keep up the great work!!üòÇüòÇüòÇ#Cryptocrash #cryptotrading #stocks #NASDAQ @saylor https://t.co/mKRSH7i2QJ"
1524845412288536576,cryptofusionxrp,2022-05-12 20:14:11+00:00,"Ethereum (ETH), Polygon (Matic), XRP, EverGrow, &amp; Polkadot ‚Äì Top Coins On The Verge of Breakout https://t.co/eAaXN6EozC #finance #xrpcommunity #ethereum #blockchain #ripple #bitcoin #xrp #crypto #money #xrparmy"
1524845410078052370,WhoDecides_,2022-05-12 20:14:10+00:00,"Want to know why I dont care about the price? Because the fundamentals remain the same.

I mine my @NiceHashMining wallet &amp; can send to cold storage via a lightning payment to my @MuunWallet 

The payment cleared immediately. Name another network that can do that! #bitcoin https://t.co/s9NIxxfNGz"
1524845409004187648,mash_true,2022-05-12 20:14:10+00:00,POND - A ghost who has a weakness to bitcoin
1524845405518843910,buyearthtoken,2022-05-12 20:14:09+00:00,"The aim of living is life itself
https://t.co/CwogkYMU6x"
1524845405082484736,CryptoTraderPro,2022-05-12 20:14:09+00:00,"Crypto Panic: Lunch Money 276: Bitcoin, Student Loans &amp; More! https://t.co/bflUaVhui0 üôã Bet with $BTC via ‚ü∂ https://t.co/4h0cyuWSHk ‚àö https://t.co/HxzA1NkIE1"
1524845403505578000,ScarceCityBot,2022-05-12 20:14:09+00:00,"üö®  New bid for Lightning Bitcoin - 1 of 2 and 2 of 2 by Egge üö®

‚ö° 4 mins, 9 secs remaining ‚ö°
https://t.co/1J1axNtvUU"
1524845396387766272,CryptoTraderPro,2022-05-12 20:14:07+00:00,Crypto Panic: Coinbase Custody Adds Support for Nine Altcoins As Crypto Markets Crash https://t.co/NbY9nNHXbH üôã Bet with $BTC via ‚ü∂ https://t.co/4h0cyuWSHk ‚àö https://t.co/lnm3kqg97y
1524845395326644224,realTuckFrumper,2022-05-12 20:14:07+00:00,‚ÄòNothing positive‚Äô: Salvadorans struggle to adapt to Bitcoin https://t.co/f9FiyGEo1n
1524845385444777984,DefiTown,2022-05-12 20:14:04+00:00,"Two Clues for When Bitcoin Downturn Might End - Cryptonews
https://t.co/LQno9bhsq7
#DefiTown #blockchain #DeFi #DEX"
1524845381061857319,PrinceySOV,2022-05-12 20:14:03+00:00,"Y'all know they are buying equities before their next round of counterfeiting, right?

#bitcoin only.

Why keep playing this rigged fucking game?"
1524845381061730304,PaperbirdsH,2022-05-12 20:14:03+00:00,"Column: Bitcoin, NFTs, SPACs, meme stocks ‚Äî all those pandemic investment darlings are crashing https://t.co/snC2SXHcoO #Cryptoart #NFT #OpenSea"
1524845377806995456,_CryptoCashier,2022-05-12 20:14:02+00:00,"BITCOIN BOTTOM IS IN? LIVE w/ Alex Mashinsky of Celsius? 
From @CryptoWendyO
https://t.co/lvTwJAmb6l"
1524845377035325478,decryptmedia,2022-05-12 20:14:02+00:00,Companies like @MicroStrategy and @Tesla that have invested billions in the world‚Äôs favorite cryptocurrency are currently in the red on their Bitcoin bets. https://t.co/0y0M2o9kYc https://t.co/x9x1DVFPi4
1524845371104579602,asadcfb,2022-05-12 20:14:01+00:00,"Recommendation
#HBAR #Hedera | BUY
Entry Price 0.08
SL@ 0.4
TP@ 0.16-22

RETWEET!
#forexsignal #forexsignals #trading #Ethereum #EURJPY #Bitcoin  #Gold #Binance #Crypto #shiba #ETH #altcoins #cryptocurrency #BTC #SOL #Ethereum #NFT #BabyDogeCoin #cryptocurrencies"
1524845367631745024,DWhitmanBTC,2022-05-12 20:14:00+00:00,"@Filoosofen @TheKoodge @ConnStevenson91 @NorthmanTrader People are willing to help you understand bitcoin if you care to learn about it.

You went from saying it has zero value, while also claiming you were mining it before it even existed.

Have a good one"
1524845367287853056,DiamondsD7,2022-05-12 20:14:00+00:00,Nation that bitcoin gets too join into Bitcoin those nations must also have partnership within those nations meaning each nation is involved and that nation gets paid off also it means the USA would have a particial amount given too them also from bitcoin as would all other
1524845364297224204,lurkernonumbers,2022-05-12 20:13:59+00:00,@jrhislib I keep waiting for someone to explain what crypto/bitcoin is useful for.
1524845355480887296,Zombieeggss,2022-05-12 20:13:57+00:00,Hey cryptians what is your opinion about Bitcoin market recovery?
1524845353614200833,Nihilist_NFT,2022-05-12 20:13:57+00:00,"The Portrait painting #1
Image Resolution:7000x7000 pixels
Image Size: 97.4 MB
Image format: png
 https://t.co/39CPCBuvnA

#NFT #NFTs #NFTCommunity #BTS  #BTC #ETH #Bitcoin #cryptocurrency #art Arsenal #Eurovision #TOTARS https://t.co/E2UUaq8cEn"
1524845325101375488,defunctzombie,2022-05-12 20:13:50+00:00,@adrianmacneil @rwitoff Every few years that percent gets cut in half. Joking aside tho - this is a bitcoin (and friends) concept not true to all crypto.
1524845321280442368,cryptoalerted,2022-05-12 20:13:49+00:00,PixelVerse (PIXEL) went up 16.2 percent in the last 1 minutes on https://t.co/rgEAV9gIXu. #PIXEL  #crypto #bitcoin #cryptocurrency #btc #ethereum #blockchain #eth #trading #altcoin #binance #cryptonews
